w-100 href,h6 href,h6,mb-0,Website
+603-33418048,https://www.hotfrog.com.my/company/1100237779640320,Taseen Trading Sdn Bhd,,None
+603-62588511,https://www.hotfrog.com.my/company/1100238473236480,Soon Seng Electrical Engineering Sdn Bhd,,None
+603-33718729,https://www.hotfrog.com.my/company/1100244563668992,Polymetal Manufacturing (M) Sdn Bhd,,None
,https://www.hotfrog.com.my/company/1100237716930560,Tele Advance Communications,,None
,https://www.hotfrog.com.my/company/1100237306413056,Versa-Matic Asia Sdn Bhd,,None
,https://www.hotfrog.com.my/company/1100238314700800,Sunlight Spray & Workshop,,None
+603-91732322,https://www.hotfrog.com.my/company/1100237485580288,Trend Living Sdn Bhd,,None
,https://www.hotfrog.com.my/company/1100245169598464,Nishida Wire Harness (M) Sdn Bhd,,None
,https://www.hotfrog.com.my/company/1100237714841600,Teletech Communication Enterprise,,None
+603-77844388,https://www.hotfrog.com.my/company/1100237333291008,V-Win,,None
,https://www.hotfrog.com.my/company/1100238316134400,Sungei Pulai Makanan Laut Sdn Bhd,,None
+603-22824564,https://www.hotfrog.com.my/company/1100237716631552,Tele Link Communication,,None
,https://www.hotfrog.com.my/company/1100238471217152,Soon Tiam Chye & Soons Poultry Farm,,None
,https://www.hotfrog.com.my/company/1100237169324032,Welli Construction Sdn Bhd,,None
,https://www.hotfrog.com.my/company/1100237722279936,Teh Kah Hong,,None
+603-79833088,https://www.hotfrog.com.my/company/1100237970440192,Syarikat Union Electronic Engineering(Sykt Union Electronic,,None
+603-61562990,https://www.hotfrog.com.my/company/1100237197676544,Wastech Agriculture Sdn Bhd,,None
+603-91308792,https://www.hotfrog.com.my/company/1100238636249088,Sin Fatt Communication,,None
,https://www.hotfrog.com.my/company/1100239221923840,Malaysian Dispersant & Coatings Sdn Bhd,,None
,https://www.hotfrog.com.my/company/1100238153064448,Syarikat Kayukayan Kedah Sdn Bhd (Sungai Petani),,None
+603-78769094,https://www.hotfrog.com.my/company/1100236990709760,Yet San Electrical Service,,None
+603-77282998,https://www.hotfrog.com.my/company/1100240480595968,Kabelcom Sdn Bhd,,None
,https://www.hotfrog.com.my/company/1100240241721344,Kewpump (M) Sdn Bhd,,None
,https://www.hotfrog.com.my/company/1100240933437440,Hup Lean Aik Feedmeal Sdn Bhd,,None
+603-61383995,https://www.hotfrog.com.my/company/1100238673395712,Shivaki Sdn Bhd,,None
,https://www.hotfrog.com.my/company/1100241102176256,Ho Geok Trading,,None
,https://www.hotfrog.com.my/company/1100240694366208,Jai Tar Enterprise (M) Sdn Bhd,,None
+603-92850041,https://www.hotfrog.com.my/company/1100240900227072,Iba Engineering & Trading,,None
,https://www.hotfrog.com.my/company/1100240787058688,Intel Application Development Centre Sdn Bhd,,None
,https://www.hotfrog.com.my/company/1100240720162816,J. K. Wire Harness Sdn Bhd,,None
,https://www.hotfrog.com.my/company/1100238937194496,Mobcall Citycom Marketing,,None
+603-79830605,https://www.hotfrog.com.my/company/1100239536300032,Lian Soon Industries Sdn Bhd,,None
,https://www.hotfrog.com.my/company/1100239937843200,Kuik Corporation Sdn Bhd,,None
+603-92001000,https://www.hotfrog.com.my/company/1100238954352640,Mk-Four Marketing (M) Sdn Bhd,,None
,https://www.hotfrog.com.my/company/1100240449552384,Kamura Corporation (M) Sdn Bhd,,None
,https://www.hotfrog.com.my/company/1100239403737088,Loong Yik Poultry Farm,,None
,https://www.hotfrog.com.my/company/1100238468395008,Soundstream Electronics (M) Sdn Bhd,,None
,https://www.hotfrog.com.my/company/1100239265316864,Makmuran Sawmill Sdn Bhd,,None
+603-62741081,https://www.hotfrog.com.my/company/1100241619415040,For Siong Sdn Bhd,,None
,https://www.hotfrog.com.my/company/1100238527205376,Smos Electronics (Pg) Sales & Services,,None
+603-26944633,https://www.hotfrog.com.my/company/1100240418889728,Kc Communication Sdn Bhd,,None
,https://www.hotfrog.com.my/company/1100238752628736,Serekom Enterprise,,None
,https://www.hotfrog.com.my/company/1100238560841728,Sis Speedy Industrial Supplies Sdn Bhd,,None
,https://www.hotfrog.com.my/company/1100241702563840,Fibre Plus Sdn Bhd,,None
+603-78039316,https://www.hotfrog.com.my/company/1100241793634304,Express Engineering Sdn Bhd,,None
,https://www.hotfrog.com.my/company/1100240155758592,Kim Poh Sittat Seed Mill Sdn Bhd,,None
+603-31913827,https://www.hotfrog.com.my/company/1100241527377920,Gan Teong San,,None
,https://www.hotfrog.com.my/company/1100241558155264,Fuwaye (M) Sdn Bhd,,None
,https://www.hotfrog.com.my/company/1100241935020032,Elite Audio,,None
+603-20310425,https://www.hotfrog.com.my/company/1100241247166464,Harmin Sdn Bhd,,None
+603-56378262,https://www.hotfrog.com.my/company/1100241442676736,Global Voice Corporation Sdn Bhd,,None
,https://www.hotfrog.com.my/company/1100241187426304,Heng Yip Mechanical Workshop,,None
+603-78031424,https://www.hotfrog.com.my/company/1100241912598528,Emc Cranes (Kuala Lumpur) Sdn Bhd,,None
,https://www.hotfrog.com.my/company/1100241736429568,Far East Polyester (M) Sdn Bhd,,None
,https://www.hotfrog.com.my/company/1100236858855424,Zue Guan Feedmills Sdn Bhd,,None
+603-60928511,https://www.hotfrog.com.my/company/1100243125170176,Betamek Electronics (M) Sdn Bhd,,None
,https://www.hotfrog.com.my/company/1100237109690368,Winson Radio Trading Co,,None
+603-33435746,https://www.hotfrog.com.my/company/1100241701445632,Fiffa Sdn Bhd,,None
,https://www.hotfrog.com.my/company/1100241157038080,Hiasmaju Sdn Bhd,,None
+603-40411941,https://www.hotfrog.com.my/company/1100237104848896,Woh Hup Letrik Sdn Bhd,,None
+603-60916655,https://www.hotfrog.com.my/company/1100236961841152,Yon Lee Farm,,None
+603-90752352,https://www.hotfrog.com.my/company/1100243151577088,Bersatu Construction,,None
,https://www.hotfrog.com.my/company/1100242868465664,Celecom Technology,,None
+603-89450702,https://www.hotfrog.com.my/company/1100242090450944,Digital Sk,,None
+603-42964882,https://www.hotfrog.com.my/company/1100242611933184,Channel Task Sdn Bhd,,None
+603-79825179,https://www.hotfrog.com.my/company/1100242615234560,Chang Engineering Works,,None
+603-41474051,https://www.hotfrog.com.my/company/1100234839212032,Berjaya Unggul Enterprise,,None
,https://www.hotfrog.com.my/company/1100237103689728,Wonderful Wire & Cable Sdn Bhd,,None
+603-31765621,https://www.hotfrog.com.my/company/1100244038787072,Sankyo Precision (M) Sdn Bhd,,None
+603-91724858,https://www.hotfrog.com.my/company/1100236908769280,Z & R Engineering Trading (M) Sdn Bhd,,None
,https://www.hotfrog.com.my/company/1100237431459840,Tye Seng Trading & Services,,None
,https://www.hotfrog.com.my/company/1100237048086528,Y Construction Sdn Bhd,,None
,https://www.hotfrog.com.my/company/1100237670776832,Ternakan Kamran Sdn Bhd,,None
,https://www.hotfrog.com.my/company/1100243188678656,Bee Fuat Company,,None
+603-78752734,https://www.hotfrog.com.my/company/1100236953563136,Yoong Electrical Engineering,,None
+603-40457677,https://www.hotfrog.com.my/company/1100237839736832,Takakom Cellular,,None
+603-27103363,https://www.hotfrog.com.my/company/1100237250744320,Vs Coin Sdn Bhd,,None
,https://www.hotfrog.com.my/company/1100244117454848,Sab Electronic Services,,None
,https://www.hotfrog.com.my/company/1100237745803264,Teck Huat Hatchery,,None
+603-61561563,https://www.hotfrog.com.my/company/1100237012819968,Yee Luan Poultry Farm,,None
+603-33418055,https://www.hotfrog.com.my/company/1100236966637568,Yinpolin Agriculture Sdn Bhd,,None
+603-77268800,https://www.hotfrog.com.my/company/1100243557916672,Amps & Tacs (M) Sdn Bhd,,None
,https://www.hotfrog.com.my/company/1100237811130368,Tan Kejuruteraan Hawa Dingin & Peti Sejuk,,None
+603-92214585,https://www.hotfrog.com.my/company/1100237162229760,Weng Soon Engineering Sdn Bhd,,None
+603-31676518,https://www.hotfrog.com.my/company/1100236883341312,Zamria Heat Treatment Sdn Bhd,,None
,https://www.hotfrog.com.my/company/1100236884426752,Zaliha Indah Hias Enterprise,,None
,https://www.hotfrog.com.my/company/1100237467635712,Trimate Industries Sdn Bhd,,None
+603-58821223,https://www.hotfrog.com.my/company/1100237051838464,Wyphonelink Communication,,None
+603-27111188,https://www.hotfrog.com.my/company/1100237334007808,V V Shop (Malaysia) Sdn Bhd,,None
+603-40412677,https://www.hotfrog.com.my/company/1100237522845696,Top Cable Industries Sdn Bhd,,None
,https://www.hotfrog.com.my/company/1100238172233728,Syarikat Jelapang,,None
+603-80622641,https://www.hotfrog.com.my/company/1100237858455552,Taika Enterprise,,None
,https://www.hotfrog.com.my/company/1100237999439872,Syarikat Sin Hock Radio Jam & Tv,,None
,https://www.hotfrog.com.my/company/1100237774864384,Tawau Machinery & Parts Sdn Bhd(Tawau Machinery And Parts Sd,,None
+603-61852718,https://www.hotfrog.com.my/company/1100244448620544,Pureaire Technical Sdn Bhd,,None
,https://www.hotfrog.com.my/company/1100237526183936,Tong Seng Welding (Shop),,None
+603-40246605,https://www.hotfrog.com.my/company/1100238228836352,Syarikat Blue Sea Trading,,None
,https://www.hotfrog.com.my/company/1100238145835008,Syarikat Kluang Berjaya Auto Machinery Sdn Bhd,,None
,https://www.hotfrog.com.my/company/1100238384394240,Starlight Electrical & Hardware,,None
+603-33716308,https://www.hotfrog.com.my/company/1100237195599872,Wave Electronics Electrical System,,None
+603-42570233,https://www.hotfrog.com.my/company/1100237716029440,Teledata Sdn Bhd,,None
,https://www.hotfrog.com.my/company/1100237966307328,Syarikat Wim Hing Poultry Farm Sdn Bhd,,None
+603-77272519,https://www.hotfrog.com.my/company/1100237629939712,The Talk Shop Sdn Bhd,,None
,https://www.hotfrog.com.my/company/1100238581661696,Sinmah Multifeed Sdn Bhd,,None
+603-26934608,https://www.hotfrog.com.my/company/1100238067273728,Syarikat Perniagaan Jaguar,,None
,https://www.hotfrog.com.my/company/1100238618570752,Sin Heng Chan (Butterworth) Sdn Bhd,,None
+603-78762999,https://www.hotfrog.com.my/company/1100238842523648,Mos Electronic (Pj) Sales & Services,,None
+603-92854722,https://www.hotfrog.com.my/company/1100237913370624,Szu Keang Trading Sdn Bhd,,None
,https://www.hotfrog.com.my/company/1100238383427584,State Electronic Trading Co,,None
,https://www.hotfrog.com.my/company/1100238473945088,Soon Poultry Farm,,None
,https://www.hotfrog.com.my/company/1100238234988544,Syarikat Antara Engineering Supplies,,None
,https://www.hotfrog.com.my/company/1100237774888960,Tawau Machinery & Parts Sdn Bhd (Tawau Machinery And Parts S,,None
,https://www.hotfrog.com.my/company/1100238018461696,Syarikat Sahabat Sejati Sdn Bhd,,None
,https://www.hotfrog.com.my/company/1100237691031552,Teo Seng Farming Sdn Bhd,,None
+603-78807888,https://www.hotfrog.com.my/company/1100237912461312,T & T Pacific Sdn. Bhd.,,None
,https://www.hotfrog.com.my/company/1100237829804032,Tan Chye Soon Sdn Bhd,,None
+603-61573979,https://www.hotfrog.com.my/company/1100238228008960,Syarikat Bukit Granite Sdn Bhd,,None
,https://www.hotfrog.com.my/company/1100238355456000,Style Electronics Trading Co,,None
,https://www.hotfrog.com.my/company/1100238472175616,Soon Soon Feedmills Sdn Bhd,,None
,https://www.hotfrog.com.my/company/1100237834276864,Tan Ah Baa @ Tan Chye Khoon,,None
,https://www.hotfrog.com.my/company/1100239342845952,Macliz Engineering Sdn Bhd,,None
,https://www.hotfrog.com.my/company/1100239956615168,Kuantan Marine Engineering,,None
,https://www.hotfrog.com.my/company/1100238533685248,Skyline Frontier Sdn Bhd,,None
,https://www.hotfrog.com.my/company/1100240373002240,Kedai Guan Huat,,None
,https://www.hotfrog.com.my/company/1100239319306240,Magna Petroleum Services Sdn Bhd,,None
,https://www.hotfrog.com.my/company/1100239507656704,Lim Ah Yew Fishery,,None
+603-33423391,https://www.hotfrog.com.my/company/1100239997489152,Kong Lee Eng Sdn Bhd,,None
,https://www.hotfrog.com.my/company/1100240721920000,J K Wire Harness Sdn Bhd,,None
,https://www.hotfrog.com.my/company/1100238992510976,Micro Genius Enterprise,,None
,https://www.hotfrog.com.my/company/1100245078462464,Onamba (M) Sdn Bhd,,None
,https://www.hotfrog.com.my/company/1100238671638528,Shrimp Mart (M) Sdn Bhd,,None
,https://www.hotfrog.com.my/company/1100245452079104,Advance Telecommunication Services,,None
,https://www.hotfrog.com.my/company/1100239480774656,Lim Siew Leng,,None
,https://www.hotfrog.com.my/company/1100239505457152,Lim Chin Siang,,None
+603-62513142,https://www.hotfrog.com.my/company/1100240210595840,Khuan Seng Trading,,None
,https://www.hotfrog.com.my/company/1100238384017408,Starlymers Sdn Bhd,,None
,https://www.hotfrog.com.my/company/1100241018580992,Hoon Ho Enterprise Sdn Bhd,,None
,https://www.hotfrog.com.my/company/1100241049268224,Homebush Wood Products Sdn Bhd,,None
+603-42978400,https://www.hotfrog.com.my/company/1100239562776576,Leong Wai Keong Agency,,None
+603-51611727,https://www.hotfrog.com.my/company/1100239422476288,Loo Eng Guan,,None
+603-21442718,https://www.hotfrog.com.my/company/1100240524935168,K C Dental Laboratory,,None
,https://www.hotfrog.com.my/company/1100240424546304,Kasiwa Sdn Bhd,,None
+603-89257417,https://www.hotfrog.com.my/company/1100238807666688,Sekolah Memandu Mazris,,None
,https://www.hotfrog.com.my/company/1100241407668224,Golden Tiara Trading Sdn Bhd,,None
,https://www.hotfrog.com.my/company/1100239831781376,Ldb Industries (M) Sdn Bhd,,None
,https://www.hotfrog.com.my/company/1100239929745408,Kwality Textiles (M) Sdn Bhd,,None
,https://www.hotfrog.com.my/company/1100238618542080,Sin Heng Chan (East Coast) Sdn Bhd,,None
+603-56366250,https://www.hotfrog.com.my/company/1100240876232704,Ideal Theme Sdn Bhd,,None
+603-79807599,https://www.hotfrog.com.my/company/1100239623827456,Lee Foong Engineering Works,,None
,https://www.hotfrog.com.my/company/1100239478292480,Lim Yoo Chong Farm Sdn Bhd,,None
+603-56378648,https://www.hotfrog.com.my/company/1100240588431360,Johan Inspection Services Sdn Bhd,,None
,https://www.hotfrog.com.my/company/1100240063774720,Klk Electronics Sdn Bhd,,None
,https://www.hotfrog.com.my/company/1100239624839168,Lee Chye @ Lee Kok Yam,,None
,https://www.hotfrog.com.my/company/1100239018020864,Metro Communication Sdn. Bhd.,,None
,https://www.hotfrog.com.my/company/1100238954717184,Mk Communication Services Sdn Bhd,,None
+603-91024524,https://www.hotfrog.com.my/company/1100238936666112,Mobile One,,None
,https://www.hotfrog.com.my/company/1100240470798336,Kam Soon Seng Engineering Workshop,,None
+603-20947992,https://www.hotfrog.com.my/company/1100238618509312,Sin Heng Chan (Malaya) Bhd,,None
+603-77272840,https://www.hotfrog.com.my/company/1100240731369472,Ismara Sdn Bhd,,None
+603-56365677,https://www.hotfrog.com.my/company/1100238375211008,Stone World Sdn Bhd,,None
+603-21449900,https://www.hotfrog.com.my/company/1100239155224576,Master Power Communication Sdn Bhd,,None
+603-62574472,https://www.hotfrog.com.my/company/1100240614694912,Jiklee Sdn Bhd,,None
+603-60919585,https://www.hotfrog.com.my/company/1100241101602816,Ho Hup Poultry Farm,,None
,https://www.hotfrog.com.my/company/1100240097832960,Kleenrite Janitorial Supplies Co,,None
,https://www.hotfrog.com.my/company/1100241436692480,Goda (M) Sdn Bhd,,None
,https://www.hotfrog.com.my/company/1100240697110528,Jadi Wira Marketing,,None
,https://www.hotfrog.com.my/company/1100242000805888,East Coast Machinery Sdn Bhd,,None
,https://www.hotfrog.com.my/company/1100241473052672,Germany Electronic Engineering,,None
+603-56318033,https://www.hotfrog.com.my/company/1100242915102720,Capmar (M) Sdn Bhd,,None
,https://www.hotfrog.com.my/company/1100242613506048,Chang Sin Electronic Repair Co,,None
,https://www.hotfrog.com.my/company/1100241587539968,Fs Fish Gear Sdn Bhd,,None
+603-62762928,https://www.hotfrog.com.my/company/1100241183375360,Heross Sdn Bhd,,None
,https://www.hotfrog.com.my/company/1100240652423168,Jasin Golf Club,,None
+603-92214606,https://www.hotfrog.com.my/company/1100241158856704,Hiap Lee Engineering Works,,None
,https://www.hotfrog.com.my/company/1100241648963584,Fms Audio Sdn Bhd,,None
+603-80759118,https://www.hotfrog.com.my/company/1100242212720640,Daichem Enterprise (M) Sdn Bhd,,None
,https://www.hotfrog.com.my/company/1100242395832320/cimei-food-ingredients-sdn-bhd/johor-bahru/food-and-beverages,Cimei Food Ingredients Sdn Bhd,,None
,https://www.hotfrog.com.my/company/1100242920693760,Camtronics Sdn Bhd,,None
,https://www.hotfrog.com.my/company/1100242424705024,Chua Cheng Kim,,None
,https://www.hotfrog.com.my/company/1100241875599360,Eow Han Chong,,None
+603-79837411,https://www.hotfrog.com.my/company/1100242217910272,D. S. Electric Sdn Bhd,,None
,https://www.hotfrog.com.my/company/1100242124591104,Desa Cargill Sdn Bhd,,None
+603-51220070,https://www.hotfrog.com.my/company/1100242305667072,Connel Bros Co. Ltd,,None
,https://www.hotfrog.com.my/company/1100241409314816,Golden Potential Sdn Bhd,,None
,https://www.hotfrog.com.my/company/1100241432809472,Goh Soon Lee,,None
+603-42949400,https://www.hotfrog.com.my/company/1100242091429888,Digital Cellular Enterprise,,None
,https://www.hotfrog.com.my/company/1100242367029248,Clarion (M) Sdn Bhd,,None
+603-62726730,https://www.hotfrog.com.my/company/1100241965608960,Eewada Construction Sdn Bhd,,None
,https://www.hotfrog.com.my/company/1100242187309056,Dapat Pasti Sdn Bhd,,None
+603-92218323,https://www.hotfrog.com.my/company/1100242482249728,Choi Kim Joo (Braided Cables & Wire Sdn Bhd),,None
,https://www.hotfrog.com.my/company/1100242300366848,Cooling Capacity (Bj) Sdn Bhd,,None
+603-80247073,https://www.hotfrog.com.my/company/1100242277511168,Cottage Delights Sdn Bhd,,None
+603-92218323,https://www.hotfrog.com.my/company/1100242482225152,Choi Kim Joo(Braided Cables & Wire Sdn Bhd),,None
+603-33722715,https://www.hotfrog.com.my/company/1100240874745856,Idris Communication Services,,None
,https://www.hotfrog.com.my/company/1100241966006272,Eee Chin Oon,,None
+603-55132454,https://www.hotfrog.com.my/company/1100241784520704,Fadara Ferrocrete Sdn Bhd,,None
+603-21641976,https://www.hotfrog.com.my/company/1100241640996864,Foo Wen Enterprise,,None
,https://www.hotfrog.com.my/company/1100241935548416,Elifax Gardening Centre Sdn Bhd,,None
+603-92211086,https://www.hotfrog.com.my/company/1100241711489024,Federal Electronics Company,,None
+603-79588216,https://www.hotfrog.com.my/company/1100242884603904,Ccm Bioscience Sdn Bhd,,None
+603-20265068,https://www.hotfrog.com.my/company/1100241910280192,Emitex Communications Enterprise,,None
,https://www.hotfrog.com.my/company/1100240907337728,Hwee Huang Enterprise,,None
,https://www.hotfrog.com.my/company/1100242374324224,City Communication Centre,,None
,https://www.hotfrog.com.my/company/1100241069580288,Hokming Sawmill Sdn Bhd,,None
+603-92009930,https://www.hotfrog.com.my/company/1100241792319488,Extra Business Sdn Bhd,,None
,https://www.hotfrog.com.my/company/1100241850040320,Erten Sdn Bhd,,None
,https://www.hotfrog.com.my/company/1100241473032192,Germany Letronik Engineering,,None
+603-56378099,https://www.hotfrog.com.my/company/1100241945092096,Eita Holdings Sdn Bhd,,None
+603-40426263,https://www.hotfrog.com.my/company/1100241373945856,Great Wall Enterprise,,None
,https://www.hotfrog.com.my/company/1100241708433408,Fedflour Trading (Sabah) Sdn Bhd,,None
+603-62773310,https://www.hotfrog.com.my/company/1100241700855808,Filano Communication Sdn Bhd,,None
,https://www.hotfrog.com.my/company/1100242616610816,Chan Yong Farming Sdn Bhd,,None
,https://www.hotfrog.com.my/company/1100241379332096,Grand Banks Yachts Sdn Bhd,,None
+603-92857680,https://www.hotfrog.com.my/company/1100243326935040,Aw Electrical Air Conditioning Sdn Bhd,,None
+603-79566477,https://www.hotfrog.com.my/company/1100241708077056,Feedmeal Malaysia Sdn Bhd,,None
,https://www.hotfrog.com.my/company/1100241708400640,Fedflour Trading (Sarawak) Sdn Bhd,,None
+603-62572238,https://www.hotfrog.com.my/company/1100242535936000,Chi-Tak Electrical (Kl) Sdn Bhd,,None
,https://www.hotfrog.com.my/company/1100242946048000,Cableart Enterprise,,None
+603-21633963,https://www.hotfrog.com.my/company/1100243497476096,April Communication,,None
+603-77272502,https://www.hotfrog.com.my/company/1100243352338432,Autoart (M) Sdn Bhd,,None
,https://www.hotfrog.com.my/company/1100243471286272,Arise Engineering Sdn Bhd,,None
,https://www.hotfrog.com.my/company/1100241158766592,Hiap Lee Manufacturing Industries Sdn Bhd,,None
+603-20931222,https://www.hotfrog.com.my/company/1100243004108800,Bukit Kiara Resort Bhd,,None
+603-90592233,https://www.hotfrog.com.my/company/1100243247759360,Ban Foong Construction Sdn Bhd,,None
+603-60352101,https://www.hotfrog.com.my/company/1100244683206656,Perternakan Sepang Sdn Bhd,,None
,https://www.hotfrog.com.my/company/1100243268640768,Bake-Mate Enterprise,,None
+603-61869668,https://www.hotfrog.com.my/company/1100243588800512,Alpha Geotechnique Sdn Bhd,,None
+603-56325855,https://www.hotfrog.com.my/company/1100243385389056,Assp Trading Network Sdn Bhd,,None
+603-61579299,https://www.hotfrog.com.my/company/1100243502878720,Ap Coating Sdn Bhd,,None
+603-41493868,https://www.hotfrog.com.my/company/1100243268489216,Bakers' Choice,,None
,https://www.hotfrog.com.my/company/1100244484087808,Prodiamond Glass Sdn Bhd,,None
+603-21452496,https://www.hotfrog.com.my/company/1100243901382656,Abd Rahman Hassan,,None
,https://www.hotfrog.com.my/company/1100243067301888,Boh Thai @ Wang Ban Yong,,None
,https://www.hotfrog.com.my/company/1100244318449664,Rancangan Bina Sdn Bhd,,None
,https://www.hotfrog.com.my/company/1100243643715584,Aksesori Kereta Sinar,,None
+603-51916396,https://www.hotfrog.com.my/company/1100243268599808,Bakels (M) Sdn Bhd,,None
+603-56334849,https://www.hotfrog.com.my/company/1100245078417408,Onasia Automotive Sdn Bhd,,None
+603-77825559,https://www.hotfrog.com.my/company/1100243418468352,Ashrat Holding Malaysia Sdn Bhd,,None
+603-41426496,https://www.hotfrog.com.my/company/1100243562946560,Amenkay Teknik Sdn Bhd,,None
+603-56335562,https://www.hotfrog.com.my/company/1100243507150848,Antara Koh (M) Sdn Bhd,,None
,https://www.hotfrog.com.my/company/1100243533750272,Ang Tai Sdn Bhd,,None
,https://www.hotfrog.com.my/company/1100243773014016,Advantech Communication Enterprise,,None
,https://www.hotfrog.com.my/company/1100243949854720,Aa Products Sdn Bhd,,None
+603-51614211,https://www.hotfrog.com.my/company/1100244595777536,Planters Engineering & Trading Sdn Bhd (Winsell (M) Sdn Bhd),,None
+603-78472071,https://www.hotfrog.com.my/company/1100243293405184,B.I.M. Enterprise Sdn Bhd,,None
,https://www.hotfrog.com.my/company/1100244657381376,Perusahaan Ternakan Baka Udang Laut Chian Guam,,None
+603-91313910,https://www.hotfrog.com.my/company/1100243801808896,Addichem Materials (Kl) Sdn Bhd,,None
+603-91307327,https://www.hotfrog.com.my/company/1100244479127552,Promark Enterprise (Aap Industrial Products),,None
+603-20780066,https://www.hotfrog.com.my/company/1100244093288448,Safic-Alcan (M) Sdn Bhd,,None
+603-89426606,https://www.hotfrog.com.my/company/1100243498385408,Applied Fiber Optic Instrument Sdn Bhd,,None
+603-40438636,https://www.hotfrog.com.my/company/1100243971563520,A S L Electrical Parts (M) Sdn Bhd,,None
,https://www.hotfrog.com.my/company/1100238498041856,Soon Fatt Electrical & Trading Co,,None
,https://www.hotfrog.com.my/company/1100245253160960,New Farming Co,,None
+603-79847299,https://www.hotfrog.com.my/company/1100238837698560,Sealand Teknikal (M) Sdn Bhd,,None
,https://www.hotfrog.com.my/company/1100238383099904,Static Control Engineering Sdn Bhd (Advance Ribbon Technolog,,None
+603-79596688,https://www.hotfrog.com.my/company/1100244599967744,Pioneer Multimedia Sdn Bhd,,None
,https://www.hotfrog.com.my/company/1100240155811840,Kim Poh Farming Trading Co,,None
+6012-5396900,https://www.hotfrog.com.my/company/1100232052240384,Sinaran M&E Network Sdn Bhd,"We are an Air-Conditioning & Mechanical Ventilation (ACMV) and Heating, Ventilation & Air-Conditioning Contractor (HVAC)....",None
+603-62759575,https://www.hotfrog.com.my/company/1100237717667840,Teknosafe Engineering Sdn Bhd,,None
,https://www.hotfrog.com.my/company/1100237495795712,Tp Transmission Products Enterprise,,None
,https://www.hotfrog.com.my/company/1100238528389120,Sme Office Automation Sdn Bhd,,None
,https://www.hotfrog.com.my/company/1100237946798080,Sye Yi Trading Sdn Bhd,,None
+603-79570477,https://www.hotfrog.com.my/company/1100242362912768,Climate Systems Sdn Bhd,,None
+603-91024311,https://www.hotfrog.com.my/company/1100237456502784,Tuck Hua Engineering Sdn Bhd,,None
,https://www.hotfrog.com.my/company/1100242090184704,Digitcom House Of Telecomunication,,None
+603-78037577,https://www.hotfrog.com.my/company/1100239907377152,L & W Hydraulic Seal Supply Company,,None
,https://www.hotfrog.com.my/company/1100243245547520,Ban Hoe Hardware Company,,None
+603-40225977,https://www.hotfrog.com.my/company/1100239078932480,Medic Ability Sdn Bhd,,None
+603-42706630,https://www.hotfrog.com.my/company/1100240123883520,Kinta Hub Sdn Bhd,,None
+603-31686479,https://www.hotfrog.com.my/company/1100245088296960,Oceanic Underwater Services Sdn Bhd,,None
+603-51215951,https://www.hotfrog.com.my/company/1100244513366016,Prescan Sdn Bhd,,None
+603-33259268,https://www.hotfrog.com.my/company/1100232173801472,Qianjing Malaysia Sdn Bhd,"Qianjing Malaysia Markets High Quality Industry Hygiene Control Equipment, Medical Equipment and Medical Disposables to Local and...",None
+603-92859980,https://www.hotfrog.com.my/company/1100245089038336,Ocean One Water Centre,,None
,https://www.hotfrog.com.my/company/1100238728192000,Sh'Ng Radio & Elektrik Sdn Bhd,,None
,https://www.hotfrog.com.my/company/1100245223575552,Ng Brothers Auto Supplies (M) Sdn Bhd,,None
+603-33720606,https://www.hotfrog.com.my/company/1100244944400384,Panmour Trading Sdn Bhd,,None
,https://www.hotfrog.com.my/company/1100237398048768,Uniaire Enterprise Sdn Bhd,,None
+603-33923286,https://www.hotfrog.com.my/company/1100241904877568,Eng Beng Manufacturing (M) Sdn Bhd,,None
+603-42706631,https://www.hotfrog.com.my/company/1100245304623104,Narsco Trading & Supplies Sdn Bhd,,None
+603-58827363,https://www.hotfrog.com.my/company/1100239051268096,Meibico Sdn Bhd,,None
+603-61567022,https://www.hotfrog.com.my/company/1100237917990912,Syncoates (M) Sdn Bhd,,None
+605-6912327,https://www.hotfrog.com.my/company/1100236348014592,Intan Klasik,"We are providing our services such as installation and maintenance of CCTV, Repair of eletronic item and PCB, Interior...",None
+603-79552622,https://www.hotfrog.com.my/company/1100236884766720,Zal Industries Sdn Bhd,,None
,https://www.hotfrog.com.my/company/1100245452001280,Advanced Auto-Cool Company,,None
+603-77822661,https://www.hotfrog.com.my/company/1100236926644224,Yumtak Air-Conditioning Services Sdn Bhd,,None
,https://www.hotfrog.com.my/company/1100245452029952,Advanced Auto Cool Service,,None
+603-40215593,https://www.hotfrog.com.my/company/1100237466415104,Trisafe Trading Sdn Bhd,,None
+603-31914268,https://www.hotfrog.com.my/company/1100236936151040,Young Man Development (M) Sdn Bhd,,None
,https://www.hotfrog.com.my/company/1100241811877888,Exclusive Magnitude (M) Sdn Bhd,,None
+603-78774706,https://www.hotfrog.com.my/company/1100242176012288,Dayangcond System Sdn Bhd,,None
,https://www.hotfrog.com.my/company/1100237133082624,Winchem (M) Sdn Bhd,,None
,https://www.hotfrog.com.my/company/1100242273120256,Creation Trading Co,,None
+603-33422502,https://www.hotfrog.com.my/company/1100243045625856,Boon Seng Car Air-Conditioner,,None
,https://www.hotfrog.com.my/company/1100242096599040,Dkls Piling System Sdn Bhd,,None
+6012-2335877,https://www.hotfrog.com.my/company/1100237336014848,Utex Auto Services,,None
+603-51223451,https://www.hotfrog.com.my/company/1100237193564160,We Air-Cond & Engineering (M) Sdn Bhd,,None
,https://www.hotfrog.com.my/company/1100243582570496,Amalgamated Parts Manufacturers Sdn Bhd,,None
,https://www.hotfrog.com.my/company/1100243724623872,Agroma Sdn Bhd,,None
+603-91316400,https://www.hotfrog.com.my/company/1100243648380928,Akb Air-Conditioning & Electrical Sdn Bhd,,None
,https://www.hotfrog.com.my/company/1100237556416512,Titan Borneo Sdn Bhd,,None
+603-55135399,https://www.hotfrog.com.my/company/1100236857147392,Zuliani Holdings Sdn Bhd,,None
+603-60382408,https://www.hotfrog.com.my/company/1100237361852416,Universal Business,,None
+603-42511357,https://www.hotfrog.com.my/company/1100243828232192,Ace Charisma (M) Sdn Bhd,,None
,https://www.hotfrog.com.my/company/1100243979763712,3M Asia Pacific Manufacturing (M) Sdn Bhd,,None
,https://www.hotfrog.com.my/company/1100238956699648,Mitsumi (Segamat) Sdn Bhd,,None
+603-89259688,https://www.hotfrog.com.my/company/1100237518868480,Topaire Sdn Bhd,,None
,https://www.hotfrog.com.my/company/1100238405087232,Standard Coating (M) Sdn Bhd,,None
+603-79588541,https://www.hotfrog.com.my/company/1100237609328640,Thiam Seng Electrical Trading Co.,,None
+603-87342988,https://www.hotfrog.com.my/company/1100237889261568,Ta Kwang Air-Conditioning Industries Sdn Bhd,,None
,https://www.hotfrog.com.my/company/1100240185942016,Kien Hin Leong Company,,None
+603-56337821,https://www.hotfrog.com.my/company/1100240120025088,Kj Engineering Sdn Bhd,,None
+603-91300630,https://www.hotfrog.com.my/company/1100240669151232,Jasa Pest Control,,None
,https://www.hotfrog.com.my/company/1100238461390848,Sparco Paints Manufacturing Sdn Bhd,,None
+603-31762363,https://www.hotfrog.com.my/company/1100240618196992,Jeya Netting Industries Sdn Bhd,,None
+603-60916758,https://www.hotfrog.com.my/company/1100239455547392,Liong Air-Conditioner Sales & Services,,None
+603-40235936,https://www.hotfrog.com.my/company/1100240471920640,Kam Electrical & Air Conditioning Company,,None
+603-79824935,https://www.hotfrog.com.my/company/1100241128218624,Hing Seng Huat & Company,,None
,https://www.hotfrog.com.my/company/1100242530955264,Chien Seng Enterprise,,None
,https://www.hotfrog.com.my/company/1100239398342656,Loyal Impact (M) Sdn Bhd,,None
+603-92878787,https://www.hotfrog.com.my/company/1100241188335616,Heng Tong Trading & Supplies,,None
+603-78770619,https://www.hotfrog.com.my/company/1100241940779008,Electrical & Electronic Servicenter Sdn Bhd,,None
+603-31682081,https://www.hotfrog.com.my/company/1100239430070272,Logimas Sdn Bhd,,None
+603-62758996,https://www.hotfrog.com.my/company/1100242122878976,Design Aire Engineering (M) Sdn Bhd,,None
+603-55691655,https://www.hotfrog.com.my/company/1100241975734272,Ebara Pumps Malaysia Sdn Bhd,,None
,https://www.hotfrog.com.my/company/1100243295236096,B T Engineering Sdn Bhd,,None
+603-56210270,https://www.hotfrog.com.my/company/1100243035492352,Bridgestone Tyre Sales (M) Sdn Bhd,,None
,https://www.hotfrog.com.my/company/1100245277716480,Neigu Engineering Shipyard Sdn Bhd,,None
+603-55695535,https://www.hotfrog.com.my/company/1100244509413376,Prima Modern Machinery Sdn Bhd,,None
+603-92830688,https://www.hotfrog.com.my/company/1100242954104832,C T Refrigeration Sdn Bhd,,None
+603-77833092,https://www.hotfrog.com.my/company/1100241938952192,Electropowder Dynamics Sdn Bhd,,None
+603-62750794,https://www.hotfrog.com.my/company/1100238438658048,Sportec'S Divemate Sdn Bhd,,None
+603-80242033,https://www.hotfrog.com.my/company/1100237250449408,Vtex Auto Accessories,,None
+603-33922601,https://www.hotfrog.com.my/company/1100245119905792,Nouveau Tech (M) Sdn Bhd,,None
+603-62585969,https://www.hotfrog.com.my/company/1100243245453312,Ban Hoe Hing Air Cond & Electrical Sdn Bhd,,None
,https://www.hotfrog.com.my/company/1100241104723968,Hlls Yard (1992) Sdn Bhd,,None
+603-80617295,https://www.hotfrog.com.my/company/1100242859843584,Centre Part And Tool Engineering Sdn Bhd,,None
+603-62589263,https://www.hotfrog.com.my/company/1100237225582592,Wallen Engineering & Trading,,None
+603-79548088,https://www.hotfrog.com.my/company/1100237105131520,Wo Kee Hong Electronics Sdn Bhd,,None
+603-62752955,https://www.hotfrog.com.my/company/1100244778127360,Perniagaan Choon Fat,,None
,https://www.hotfrog.com.my/company/1100243476819968,Arah Mekar Sdn Bhd,,None
,https://www.hotfrog.com.my/company/1100240154644480,Kim Seng Plantations Sdn Bhd,,None
,https://www.hotfrog.com.my/company/1100240294375424,Kelantan Electrical & Company,,None
+603-56324171,https://www.hotfrog.com.my/company/1100240960737280,Hub'S Engineering (M) Sdn Bhd,,None
+603-77292525,https://www.hotfrog.com.my/company/1100241129816064,Hinet Sdn Bhd,,None
+603-78039018,https://www.hotfrog.com.my/company/1100241614430208,Forwell O&G Sdn Bhd,,None
,https://www.hotfrog.com.my/company/1100240097284096,Klie Rentals (Terengganu) Sdn Bhd,,None
,https://www.hotfrog.com.my/company/1100241555628032,G M Yap Brothers Sdn Bhd,,None
+603-79596777,https://www.hotfrog.com.my/company/1100241587171328,Ft Radiosystems Sdn Bhd,,None
,https://www.hotfrog.com.my/company/1100242213158912,Dai Kheng Engineering Sdn Bhd,,None
,https://www.hotfrog.com.my/company/1100241709314048,Federal Welding & Spray Painting,,None
+603-42520651,https://www.hotfrog.com.my/company/1100243946553344,Abab N Enterprise,,None
+603-61878244,https://www.hotfrog.com.my/company/1100243184087040,Bekal Hikmat Sdn Bhd,,None
,https://www.hotfrog.com.my/company/1100244418605056,Pusat Teknik Sales & Services Sdn Bhd,,None
,https://www.hotfrog.com.my/company/1100245255757824,Neutral Refrigerator Air-Con & Electrical Company,,None
+6019-3218121,https://www.hotfrog.com.my/company/1100243479355392,Aquarium Marine Fresh Sdn Bhd,,None
+603-22735002,https://www.hotfrog.com.my/company/1100237715136512,Telephonic Sales And Service Sdn Bhd,,None
,https://www.hotfrog.com.my/company/1100241550667776,Gabungan Perusahaan Minyak Langkap Sdn Bhd,,None
+603-40456633,https://www.hotfrog.com.my/company/1100241443127296,Global Top Technology (M) Sdn Bhd,,None
+603-60382300,https://www.hotfrog.com.my/company/1100244451987456,Public Refrigeration Engineering & Electrical Appliances (Manufacturer),,None
,https://www.hotfrog.com.my/company/1100244318818304,Ramsey Machine Shop Bumiputera,,None
,https://www.hotfrog.com.my/company/1100240722489344,J C Resources Sdn Bhd,,None
+603-22603977,https://www.hotfrog.com.my/company/1100237279207424,Vincomm Trading,,None
,https://www.hotfrog.com.my/company/1100237697888256,Ten Tel & Construction Sdn Bhd,,None
,https://www.hotfrog.com.my/company/1100245275049984,Neshcom Communication,,None
,https://www.hotfrog.com.my/company/1100243066949632,Boil Chem Service (M) Sdn Bhd,,None
+603-56377090,https://www.hotfrog.com.my/company/1100244289163264,Reflex Communication (M) Sdn Bhd,,None
+603-78030766,https://www.hotfrog.com.my/company/1100232386899968,JC LOAN CONSULTANCY,"We are a financial consultancy company who has done all the research, partners with local bank & licensed money lender to help...",None
,https://www.hotfrog.com.my/company/1100243471134720,Aristel Communication Services,,None
,https://www.hotfrog.com.my/company/1100241582632960,Fujitsa Car Air-Conditioning & Refrigeration Company,,None
+603-56368122,https://www.hotfrog.com.my/company/1100244056481792,Sandpipers (Sales And Marketing) Sdn Bhd,,None
+603-58805031,https://www.hotfrog.com.my/company/1100244368080896,R. M. Communication (M) Sdn Bhd,,None
+603-40413671,https://www.hotfrog.com.my/company/1100237022429184,Yap Kwan Seng Workshop,,None
+603-62582305,https://www.hotfrog.com.my/company/1100239319101440,Magnacool Sdn Bhd,,None
,https://www.hotfrog.com.my/company/1100245446103040,Alpha Office Automation,,None
,https://www.hotfrog.com.my/company/1100237917564928,Synergy Precision Industries Sdn Bhd,,None
+603-42912336,https://www.hotfrog.com.my/company/1100239136980992,Masware Enterprise Sdn Bhd,,None
+603-62529690,https://www.hotfrog.com.my/company/1100242025504768,E S (M) Sdn Bhd,,None
+603-60928336,https://www.hotfrog.com.my/company/1100240097239040,Klie Rentals Sdn Bhd,,None
+603-32502585,https://www.hotfrog.com.my/company/1100239987634176,Kossan Paint (M) Sdn Bhd,,None
+603-91726040,https://www.hotfrog.com.my/company/1100245303242752,Nasya Office Supply,,None
+603-78760022,https://www.hotfrog.com.my/company/1100242565500928,Chemopharm Sdn Bhd,,None
+603-92814660,https://www.hotfrog.com.my/company/1100245308489728,Nan Maw Yih Sdn Bhd,,None
+603-31663711,https://www.hotfrog.com.my/company/1100238936313856,Moccis Electronics Sdn Bhd,,None
+603-78758363,https://www.hotfrog.com.my/company/1100238473805824,Soon Seng Air-Conditioner Plumbing,,None
+603-61886387,https://www.hotfrog.com.my/company/1100238722154496,Shal Corporation Sdn Bhd,,None
+603-33414090,https://www.hotfrog.com.my/company/1100238179028992,Syarikat Hip Hing Sdn Bhd,,None
,https://www.hotfrog.com.my/company/1100240268275712,Keng Hong Welding,,None
+603-78756193,https://www.hotfrog.com.my/company/1100237692547072,Tensen Electrical Sales & Service,,None
,https://www.hotfrog.com.my/company/1100239562862592,Leong Tyres & Batteries Sdn Bhd,,None
,https://www.hotfrog.com.my/company/1100237099573248,Wong Kah Kwee Welding Workshop,,None
+603-62582725,https://www.hotfrog.com.my/company/1100242303217664,Continental Air-Conditioning Engineering Sdn Bhd,,None
,https://www.hotfrog.com.my/company/1100241185718272,Henry Trading Company Sdn Bhd,,None
+6019-3388317,https://www.hotfrog.com.my/company/1100243725414400,Agritrak Enterprise,,None
+603-21637453,https://www.hotfrog.com.my/company/1100237664079872,Thames Water (M) Sdn Bhd,,None
,https://www.hotfrog.com.my/company/1100237424893952,Ucl (M) Sdn Bhd,,None
+603-92218733,https://www.hotfrog.com.my/company/1100243498754048,Applied Air Quality Specialists Sdn Bhd,,None
+603-78466075,https://www.hotfrog.com.my/company/1100237462097920,Trusure Cellular Accessories,,None
+603-78041782,https://www.hotfrog.com.my/company/1100238522089472,Soil Instruments Sdn Bhd,,None
+603-21440455,https://www.hotfrog.com.my/company/1100239877009408,Laiman Corporation Sdn Bhd,,None
+603-92822239,https://www.hotfrog.com.my/company/1100238499389440,Soon Aik Air-Cond Refrigeration & Electrical,,None
+603-56324131,https://www.hotfrog.com.my/company/1100245030731776,Oriental-Hitachi Construction Machinery Sdn Bhd,,None
+603-56379022,https://www.hotfrog.com.my/company/1100242037268480,Dumonic & Robson Sdn Bhd,,None
,https://www.hotfrog.com.my/company/1100241998266368,Eastern Asia Plastic Industries (M) Sdn Bhd,,None
,https://www.hotfrog.com.my/company/1100242429067264,Chow Air Conditioning,,None
,https://www.hotfrog.com.my/company/1100242926542848,Cahaya Delima Sdn Bhd,,None
,https://www.hotfrog.com.my/company/1100241460768768,Global Enterprise Sdn Bhd,,None
+603-79807200,https://www.hotfrog.com.my/company/1100240232599552,Kheng Shin Machinery & Hardware Sdn Bhd,,None
+603-51928233,https://www.hotfrog.com.my/company/1100243476422656,Aras Bayu Sdn Bhd,,None
+603-60217002,https://www.hotfrog.com.my/company/1100232215724032,LIBERINE SDN. BHD.,"1. Heavy machineries, industrial machineries & equipment maintenance, service and repair. 2. Specialized on diesel engine,...",None
+6011-14499643,https://www.hotfrog.com.my/company/1422008181678080,ARZ GLOBAL MERCHANT RESOURCES (PG0475860-D),,None
,https://www.hotfrog.com.my/company/1100243671699456,Air Hitam Tyres & Batteries Sdn Bhd,,None
,https://www.hotfrog.com.my/company/1100234162798592,LABCHEM INTERNATIONAL,"High quality analysis laboratory equipment and supply products, including hydrometers, thermometers, refractometers, colorimeters,...",None
+6088-211660,https://www.hotfrog.com.my/company/1100236853661696,IZ Contractor Sdn Bhd,"We are supplier for optical product such as optical fiber patch cord,Adapter,closure and pigtail.For broadband we also are dealler...",None
+603-56336229,https://www.hotfrog.com.my/company/1100239935086592,Kumpulan Kesuma Sdn Bhd,,None
+603-92219300,https://www.hotfrog.com.my/company/1100237284585472,Victory Electric Company Sdn Bhd,,None
,https://www.hotfrog.com.my/company/1100245450530816,Afdal Bukit Mor Quarry Sdn Bhd,,None
,https://www.hotfrog.com.my/company/1100245004087296,P & R Industries Sdn Bhd,,None
+603-92857855,https://www.hotfrog.com.my/company/1100245225857024,Nexaldes Sdn Bhd,,None
+603-78753885,https://www.hotfrog.com.my/company/1100237517164544,Torco Trading Sdn Bhd,,None
+603-92220028,https://www.hotfrog.com.my/company/1100237405224960,Ulite Air Conditioning Engineering,,None
,https://www.hotfrog.com.my/company/1100237073059840,World Paints Centre,,None
,https://www.hotfrog.com.my/company/1100245412958208,Muar Tools Manufacturer Sdn Bhd,,None
+603-21480447,https://www.hotfrog.com.my/company/1100240399581184,Keat Camera Service,,None
+603-90584813,https://www.hotfrog.com.my/company/1100237310853120,Vcpro Sound & Light,,None
+603-42525015,https://www.hotfrog.com.my/company/1100241531662336,Galeshka Pharmaceutical Sdn Bhd,,None
+603-42963951,https://www.hotfrog.com.my/company/1100241843089408,Eureka Pools Sdn Bhd,,None
,https://www.hotfrog.com.my/company/1100239075049472,Mega Engineering (M) Sdn Bhd,,None
+603-77822737,https://www.hotfrog.com.my/company/1100241377374208,Grand Oriental M & E Enterprise Sdn Bhd,,None
+603-78055122,https://www.hotfrog.com.my/company/1100242188820480,Dancom Sales And Service,,None
,https://www.hotfrog.com.my/company/1100236877135872,Zhen Ann Precision Industrial,,None
+603-21443333,https://www.hotfrog.com.my/company/1100243157504000,Bentley Music Sdn Bhd,,None
,https://www.hotfrog.com.my/company/1100242213236736,Dai Hwa Holdings (M) Bhd,,None
+603-76600008,https://www.hotfrog.com.my/company/1100241941409792,Elderberry Sdn Bhd,,None
,https://www.hotfrog.com.my/company/1100242860875776,Centre Air Conditioning Refrigeration Works,,None
+603-77270360,https://www.hotfrog.com.my/company/1100242337550336,Colminchem Sdn Bhd,,None
+603-33233939,https://www.hotfrog.com.my/company/1100243378884608,Atlantech Pollution Control Sdn Bhd,,None
+603-56331988,https://www.hotfrog.com.my/company/1100237129117696,Wing Tiek Holdings Bhd,,None
+603-40422206,https://www.hotfrog.com.my/company/1100244968779776,Pam Enterprise,,None
+603-33426101,https://www.hotfrog.com.my/company/1100237254561792,Vitar Bros Manufacturing Sdn Bhd,,None
,https://www.hotfrog.com.my/company/1100237580369920,Tim Electronics Sdn Bhd,,None
,https://www.hotfrog.com.my/company/1100237892276224,T. K. Meng Motor Sdn Bhd,,None
+603-55109954,https://www.hotfrog.com.my/company/1100238551289856,Skreen Fabric (M) Sdn Bhd,,None
+603-56352323,https://www.hotfrog.com.my/company/1100237310775296,Vcs Communications Sdn Bhd,,None
,https://www.hotfrog.com.my/company/1100240839712768,Indraulic System Sdn Bhd,,None
+603-77277205,https://www.hotfrog.com.my/company/1100239294464000,Mahogany The House Of Guitars,,None
+603-22742786,https://www.hotfrog.com.my/company/1100239567044608,Leong Brothers Engineering Sdn Bhd,,None
+603-92825300,https://www.hotfrog.com.my/company/1100239957913600,Kuang Car Wiring & Aircon,,None
,https://www.hotfrog.com.my/company/1100240924688384,Hwa Kiong Trading Company,,None
,https://www.hotfrog.com.my/company/1100237777035264,Tat Seng Refrigeration Company,,None
+603-89488078,https://www.hotfrog.com.my/company/1100241976766464,Easy Heat Element Sdn Bhd,,None
+603-90578999,https://www.hotfrog.com.my/company/1100237718913024,Tekmark Holding Sdn Bhd,,None
,https://www.hotfrog.com.my/company/1100243097812992,Bintang Manjung Sdn Bhd,,None
+603-22872031,https://www.hotfrog.com.my/company/1100241523331072,Gas Pantai Timur Sdn Bhd,,None
,https://www.hotfrog.com.my/company/1100242004389888,Eaerh San Plastic (M) Sdn Bhd,,None
+603-51215110,https://www.hotfrog.com.my/company/1100243725000704,Agro-Forte Sdn Bhd,,None
+603-42925658,https://www.hotfrog.com.my/company/1100242301370368,Convaire Air-Conditioning & Electrical,,None
,https://www.hotfrog.com.my/company/1100242308542464,Comtrac Sdn Bhd,,None
+603-80623156,https://www.hotfrog.com.my/company/1100243501670400,Apex Parade Sdn Bhd,,None
+603-78747288,https://www.hotfrog.com.my/company/1100244001775616,Scuba Point Sdn Bhd,,None
,https://www.hotfrog.com.my/company/1100243671908352,Air Dynamic Sdn Bhd,,None
,https://www.hotfrog.com.my/company/1100244799070208,Permintex Technology Sdn Bhd,,None
,https://www.hotfrog.com.my/company/1100243269591040,Baiduri Heights Sdn Bhd,,None
+603-78744316,https://www.hotfrog.com.my/company/1100245192740864,Ngco Electronics Sdn Bhd,,None
+603-62771686,https://www.hotfrog.com.my/company/1100244110798848,Safe Dimension (M) Sdn Bhd,,None
,https://www.hotfrog.com.my/company/1100242612187136,Changway (M) Sdn Bhd,,None
,https://www.hotfrog.com.my/company/1100244442685440,Pusat Hawa Dingin Kereta & Aksesori Chin Hoe,,None
+603-89497000,https://www.hotfrog.com.my/company/1100244035444736,Sapura Marketing Sdn Bhd,,None
+603-92829075,https://www.hotfrog.com.my/company/1100242952314880,C.C.H. Telephone Wiring Contractor,,None
+603-21410486,https://www.hotfrog.com.my/company/1100244385513472,R C A Parts Supplies Sdn Bhd,,None
,https://www.hotfrog.com.my/company/1100244564803584,Polycool Hte Engineering Sdn Bhd,,None
+603-32917166,https://www.hotfrog.com.my/company/1100232345964544,Finnex Hardware Trading,,None
,https://www.hotfrog.com.my/company/1100239365095424,M.A.T.E,,None
+6019-2779473,https://www.hotfrog.com.my/company/1100232396476416,SKY Engineering & Services,"We are providing the professional and cost-effective laboratory equipment repair, maintenance services and calibration in...",None
+601-700-81-8708,https://www.hotfrog.com.my/company/1100230089957376,Sports Click,"Malaysia No.1 Sports Marketplace. Shop around for football footwear, sports equipment, badminton sports, basketball, jersey and...",None
+6014-3671777,https://www.hotfrog.com.my/company/1100234384842752,N S GREEN LANDSCAPING,NS Green Landscaping offering the besthard scape and softscape designssuperiorworkmanship and reliability in landscaping...,None
,https://www.hotfrog.com.my/company/1100234944319488,RIGHTWAY ELECTRONIC ENTERPRISE,Rightway electronic enterprise has been open for 6 years.Ours cameras product is full range and more choices.We also provide...,None
+603-51213963,https://www.hotfrog.com.my/company/1100243797204992,KRON WELD INDUSTRY,"BRIEF :- We are an engineering facility located in shah alam,selangor.W.Malaysia being in operation since 1985 specializing in...",None
+603-79809919,https://www.hotfrog.com.my/company/1100235010736128,TekadOil Corporation Sdn Bhd,TekadOil import and distribute garnet abrasive in Malaysia...,None
+603-80631210,https://www.hotfrog.com.my/company/1100234117722112,Watterson Technology Sdn Bhd,Okada Sludge DryerUses latest technology to create DRY WARM AIR to remove water moisture from sludge with minimal energy...,None
,https://www.hotfrog.com.my/company/1100245164662784,Noblelane Industries Sdn Bhd,,None
+6012-4982163,https://www.hotfrog.com.my/company/1100245196849152,Nikaya (M) Sdn Bhd,,None
,https://www.hotfrog.com.my/company/1100245445844992,Alpha Sports,,None
,https://www.hotfrog.com.my/company/1100245392343040,Muhibbah Bekalan,,None
+603-77812370,https://www.hotfrog.com.my/company/1100245165973504,Nme Service Sdn Bhd,,None
+603-79819028,https://www.hotfrog.com.my/company/1100245275697152,Nepcom Sdn Bhd,,None
,https://www.hotfrog.com.my/company/1100244862578688,Pembinaan Kumtis Sdn Bhd,,None
+603-78771900,https://www.hotfrog.com.my/company/1100245031952384,Oriental Housetop Sdn Bhd,,None
,https://www.hotfrog.com.my/company/1100245311234048,Nam Kwong Electric & Air Cond Construction,,None
+603-56331417,https://www.hotfrog.com.my/company/1100237254344704,Vitraco Corporation (M) Sdn Bhd,,None
,https://www.hotfrog.com.my/company/1100245446193152,Alpha Medical Laboratory,,None
,https://www.hotfrog.com.my/company/1100241553018880,G.B Kuari Sdn Bhd,,None
+603-77294408,https://www.hotfrog.com.my/company/1100237307813888,Venture More (M) Sdn Bhd,,None
+603-33230135,https://www.hotfrog.com.my/company/1100245309202432,Nambawan Enterprise Sdn Bhd,,None
+603-31011886,https://www.hotfrog.com.my/company/1100237160243200,West Fertilizer Terminal Sdn Bhd,,None
+603-55115906,https://www.hotfrog.com.my/company/1100238444101632,Specialist Mobile Safety Supplies Sdn Bhd (Pintaria Sdn Bhd),,None
+603-56343746,https://www.hotfrog.com.my/company/1100238257037312,Swis Construction Sdn Bhd,,None
,https://www.hotfrog.com.my/company/1100244567838720,Poliklinik Vikram,,None
+603-26933735,https://www.hotfrog.com.my/company/1100237394694144,Unimed Healthcare (M) Sdn Bhd,,None
,https://www.hotfrog.com.my/company/1100237162479616,Weng Seong Air Cond,,None
,https://www.hotfrog.com.my/company/1100237520551936,Top Rank Industries Sdn Bhd,,None
+603-78062326,https://www.hotfrog.com.my/company/1100238751604736,Seri Bena Enterprise,,None
+6017-8896629,https://www.hotfrog.com.my/company/1100237104197632,Wonder Quest Sdn Bhd,,None
,https://www.hotfrog.com.my/company/1100239994314752,Konti Iss (M) Sdn Bhd,,None
+603-77811396,https://www.hotfrog.com.my/company/1100240316575744,Kejuruteraan Keluli Kilat Sdn Bhd,,None
+603-78039260,https://www.hotfrog.com.my/company/1100240756412416,Ipsh Gasmaster Sdn Bhd,,None
,https://www.hotfrog.com.my/company/1100240588890112,Joeco Industrial Services Sdn Bhd,,None
+603-79802204,https://www.hotfrog.com.my/company/1100237400141824,Uni Air-Conditioning & Trading,,None
,https://www.hotfrog.com.my/company/1100240956682240,Hung Ling Sawmill Sdn Bhd,,None
,https://www.hotfrog.com.my/company/1100238692847616,Shih Hsing Enterprise Sdn Bhd,,None
+603-79831108,https://www.hotfrog.com.my/company/1100239131250688,Maxi-Phone Telecommunications,,None
+603-78754323,https://www.hotfrog.com.my/company/1100240213098496,Khoo Heng Pheng,,None
+603-61387278,https://www.hotfrog.com.my/company/1100238498017280,Soon Fatt Electrical Services,,None
+603-61571421,https://www.hotfrog.com.my/company/1100239187304448,Maple Green (M) Sdn Bhd,,None
,https://www.hotfrog.com.my/company/1100239617884160,Lee Mok On & Sons Sdn Bhd,,None
,https://www.hotfrog.com.my/company/1100240417378304,Kean Aik Fuel Parts & Services,,None
+603-79579733,https://www.hotfrog.com.my/company/1100239165874176,Markaids (M) Sdn Bhd (Markaids (Malaysia) Sdn Bhd),,None
,https://www.hotfrog.com.my/company/1100240185679872,Kien Huat Kedai Papan,,None
,https://www.hotfrog.com.my/company/1100238956453888,Mitti Cables Manufacturing Sdn Bhd,,None
+603-26927033,https://www.hotfrog.com.my/company/1100242033930240,Dyalchands Utama Sdn Bhd,,None
+603-33419301,https://www.hotfrog.com.my/company/1100241820413952,Evergreen Organic Fertilisers Sdn Bhd,,None
+603-90750876,https://www.hotfrog.com.my/company/1100241221955584,Hawa Dingin & Elektrik Jaya,,None
+603-62509663,https://www.hotfrog.com.my/company/1100241704214528,Fertiland Trading Company,,None
+603-21422488,https://www.hotfrog.com.my/company/1100241707421696,Felcra Plantations Services Sdn Bhd,,None
,https://www.hotfrog.com.my/company/1100241846665216,Estate Koperasi Ladang Sungai Ambat,,None
+603-22870988,https://www.hotfrog.com.my/company/1100241214611456,Heartscan (M) Sdn Bhd,,None
,https://www.hotfrog.com.my/company/1100241322491904,H F Kejenteraan (Senai) Sdn Bhd,,None
,https://www.hotfrog.com.my/company/1100241788923904,F S Fish Gear Sdn Bhd,,None
,https://www.hotfrog.com.my/company/1100241431724032,Goko Camera (M) Sdn Bhd,,None
+603-55133328,https://www.hotfrog.com.my/company/1100242947846144,Ca Services Sdn Bhd Company Add.,,None
+603-78062102,https://www.hotfrog.com.my/company/1100243074793472,Bkt Crane Sdn Bhd,,None
,https://www.hotfrog.com.my/company/1100236935667712,Youth Printing Sdn Bhd,,None
,https://www.hotfrog.com.my/company/1100242399313920,Chung Khong Engineering Works Sdn Bhd (Chun Khong Engineerin,,None
+603-62744217,https://www.hotfrog.com.my/company/1100236937220096,Yordon Industries Sdn Bhd,,None
+603-40434072,https://www.hotfrog.com.my/company/1100243387211776,Associated Abrasives Sdn Bhd,,None
+603-79848622,https://www.hotfrog.com.my/company/1100242370449408,Citydigi Telecommunication,,None
,https://www.hotfrog.com.my/company/1100237162848256,Weng Seng Enterprise,,None
,https://www.hotfrog.com.my/company/1100242178285568,Daya Cergas (M) Sdn Bhd,,None
,https://www.hotfrog.com.my/company/1100243826626560,Ace Seed Trading (M) Sdn Bhd,,None
,https://www.hotfrog.com.my/company/1100244030709760,Saske Leisure System Sdn Bhd,,None
,https://www.hotfrog.com.my/company/1100237015117824,Yee Chow Motor Letrik,,None
+603-31676688,https://www.hotfrog.com.my/company/1100237492813824,Trail Master Sdn Bhd,,None
,https://www.hotfrog.com.my/company/1100237014171648,Yee Hing Sawmill Sdn Bhd,,None
+603-21457601,https://www.hotfrog.com.my/company/1100237313589248,Van Der Kamp (M) Sdn Bhd,,None
,https://www.hotfrog.com.my/company/1100244197314560,Rock Plus Sdn Bhd,,None
,https://www.hotfrog.com.my/company/1100244140900352,S W Hwang Holdings Sdn Bhd,,None
+603-21487910,https://www.hotfrog.com.my/company/1100244965376000,Pan-West Sdn Bhd,,None
+603-92221526,https://www.hotfrog.com.my/company/1100238412767232,Sri Pertama Shop Fixtures,,None
,https://www.hotfrog.com.my/company/1100244142399488,S P Marble Sdn Bhd,,None
,https://www.hotfrog.com.my/company/1100237467291648,Tringkap Associated Nurseries,,None
+603-77266133,https://www.hotfrog.com.my/company/1100237424455680,Ucp Geotechnics (M) Sdn Bhd,,None
+603-32917990,https://www.hotfrog.com.my/company/1100236935929856,Young Verrerie Sdn Bhd,,None
+603-78030088,https://www.hotfrog.com.my/company/1100237495726080,Tp5 Agriculture Sdn Bhd,,None
+603-32501863,https://www.hotfrog.com.my/company/1100237459369984,Tsung Chang Industries Sdn Bhd,,None
,https://www.hotfrog.com.my/company/1100244454346752,Ptt Corporation Sdn Bhd,,None
,https://www.hotfrog.com.my/company/1100238120374272,Syarikat Peng Hing Refrigeration & Air-Cond Works,,None
,https://www.hotfrog.com.my/company/1100244834709504,Pentex Sdn Bhd,,None
+603-31676328,https://www.hotfrog.com.my/company/1100238580322304,Sinspec Container Management,,None
+603-78472209,https://www.hotfrog.com.my/company/1100244387151872,Quarindah Citatah (M) Sdn Bhd,,None
+603-62517598,https://www.hotfrog.com.my/company/1100244481454080,Progress Instruments (M) Sdn Bhd,,None
,https://www.hotfrog.com.my/company/1100237774991360,Tawau Blossom Sdn Bhd,,None
+603-74910278,https://www.hotfrog.com.my/company/1100245020323840,P & P Plastisol (M) Sdn Bhd,,None
+603-33429976,https://www.hotfrog.com.my/company/1100237921492992,Sykt Progress Air Conditioning Sdn Bhd,,None
+603-21442788,https://www.hotfrog.com.my/company/1100238376333312,Stitch On Sdn Bhd,,None
+603-89439361,https://www.hotfrog.com.my/company/1100245450113024,Agako Electronics Sdn Bhd,,None
,https://www.hotfrog.com.my/company/1100237365370880,United Plantations Services Sdn Bhd,,None
,https://www.hotfrog.com.my/company/1100237856313344,Taisho Denki (M) Sdnbhd,,None
+603-56333060,https://www.hotfrog.com.my/company/1100240319209472,Kejuruteraan Bestem Sdn Bhd,,None
+603-62702502,https://www.hotfrog.com.my/company/1100238559490048,Sita (Societe Internationale De Telecommunications Aeronautiques),,None
,https://www.hotfrog.com.my/company/1100237837783040,Tam Trading,,None
,https://www.hotfrog.com.my/company/1100240501477376,K.C.Timber Merchant,,None
,https://www.hotfrog.com.my/company/1100239540805632,Lian Hin Timber Trading,,None
+603-31761055,https://www.hotfrog.com.my/company/1100240876367872,Ideal Scale Sdn Bhd,,None
,https://www.hotfrog.com.my/company/1100241610870784,Four-Up (M) Sdn Bhd,,None
,https://www.hotfrog.com.my/company/1100240751296512,Island Golf Properties Sdn Bhd,,None
+603-55115906,https://www.hotfrog.com.my/company/1100238443511808,Specialist Mobile Safety Supplies Sdn Bhd(Pintaria Sdn Bhd),,None
,https://www.hotfrog.com.my/company/1100240317550592,Kejuruteraan Hawa Dingin & Elektrik Universal Sdn Bhd,,None
+603-77272679,https://www.hotfrog.com.my/company/1100238785703936,Semaian Bunga Muniandy,,None
,https://www.hotfrog.com.my/company/1100238636048384,Sin Fatt Macap Motor,,None
,https://www.hotfrog.com.my/company/1100240448270336,Kandis Plantation Sdn Bhd,,None
,https://www.hotfrog.com.my/company/1100241070772224,Hoewley Air Cond Sdn Bhd,,None
+603-77270151,https://www.hotfrog.com.my/company/1100240840556544,Indkom Elektrik Sdn Bhd,,None
+603-62532404,https://www.hotfrog.com.my/company/1100241015566336,Horne Asia Sdn Bhd,,None
+603-79825508,https://www.hotfrog.com.my/company/1100239015510016,Metrosure Sdn Bhd,,None
+603-79832900,https://www.hotfrog.com.my/company/1100239100317696,Me Service Sdn Bhd,,None
,https://www.hotfrog.com.my/company/1100238259007488,Swee Seng Marble Works,,None
,https://www.hotfrog.com.my/company/1100241126215680,Hiroshige (M) Sdn Bhd,,None
,https://www.hotfrog.com.my/company/1100240020561920,Kohin Enterprise,,None
+603-79838869,https://www.hotfrog.com.my/company/1100239157460992,Masson Group Engineering Sdn Bhd,,None
+603-42927349,https://www.hotfrog.com.my/company/1100241409474560,Golden Plus Granite Sdn Bhd,,None
,https://www.hotfrog.com.my/company/1100240180629504,Kilang Papan Sem Lian,,None
+603-31689359,https://www.hotfrog.com.my/company/1100239129612288,Maxiyield Trading Company,,None
,https://www.hotfrog.com.my/company/1100239542476800,Lian Fong & Co,,None
+603-93155588,https://www.hotfrog.com.my/company/1100238469308416,Sotong Agriculture Company,,None
+603-92828898,https://www.hotfrog.com.my/company/1100239849529344,Lau Piling Construction,,None
+603-87360401,https://www.hotfrog.com.my/company/1100238785576960,Semaian Yap Ching Chong,,None
,https://www.hotfrog.com.my/company/1100245357965312,Mwe Textile Industries Sdn Bhd,,None
+603-90589721,https://www.hotfrog.com.my/company/1100240618598400,Jewel F & B Marketing Sdn Bhd,,None
,https://www.hotfrog.com.my/company/1100240449638400,Kamunting Industrial Textiles Sdn Bhd,,None
,https://www.hotfrog.com.my/company/1100239049920512,Melaka Tong Bee Sdn. Bhd.,,None
,https://www.hotfrog.com.my/company/1100240205561856,Kian Mekar Sdn Bhd,,None
+603-78035668,https://www.hotfrog.com.my/company/1100241218269184,Health Impian Sdn Bhd,,None
+603-62519409,https://www.hotfrog.com.my/company/1100240208019456,Kian Ho Lorry Transport Agent,,None
,https://www.hotfrog.com.my/company/1100240314712064,Kejuruteraan Penyamanan Udara Penyejukan & Elektrik Am Wendy,,None
,https://www.hotfrog.com.my/company/1100238954110976,Mkme (M) Sdn Bhd,,None
+603-22828027,https://www.hotfrog.com.my/company/1100240091377664,Klinik Inter Med,,None
+603-62585182,https://www.hotfrog.com.my/company/1100241158492160,Hiap Lip Crane Services Sdn Bhd,,None
+603-61893060,https://www.hotfrog.com.my/company/1100240156459008,Kim Ma Enterprise,,None
+603-56310708,https://www.hotfrog.com.my/company/1100238935724032,Modern Air Conditioning Sdn Bhd,,None
+603-92844744,https://www.hotfrog.com.my/company/1100238208053248,Syarikat Chin,,None
+603-80625498,https://www.hotfrog.com.my/company/1100239013662720,Meyasu Enterprise Sdn Bhd,,None
+603-80759778,https://www.hotfrog.com.my/company/1100239023939584,Meridian Star Sdn Bhd,,None
,https://www.hotfrog.com.my/company/1100239533649920,Lianpang Sawmill (M) Sdn Bhd,,None
,https://www.hotfrog.com.my/company/1100239476969472,Lin Electrical Service,,None
+603-79579733,https://www.hotfrog.com.my/company/1100239165853696,Markaids (M) Sdn Bhd(Markaids (Malaysia) Sdn Bhd),,None
,https://www.hotfrog.com.my/company/1100240595136512,Jinlik Sdn Bhd,,None
+603-56347822,https://www.hotfrog.com.my/company/1100241070927872,Hoerdiger Origa Sdn Bhd,,None
+603-21480447,https://www.hotfrog.com.my/company/1100240312684544,Kek Camera Service,,None
+603-78775581,https://www.hotfrog.com.my/company/1100240588591104,Johan Air Conditioning & Trading Sdn Bhd,,None
,https://www.hotfrog.com.my/company/1100240177074176,Kim Guan Enterprise,,None
+603-20941644,https://www.hotfrog.com.my/company/1100241325404160,Guthrie Ropel Bhd,,None
,https://www.hotfrog.com.my/company/1100241907884032,Emtech Engineering Sdn Bhd,,None
,https://www.hotfrog.com.my/company/1100242373791744,City Engineering Service Company,,None
+603-78760144,https://www.hotfrog.com.my/company/1100241711296512,Federal Fertilizers Company Sdn Bhd,,None
+603-79814088,https://www.hotfrog.com.my/company/1100241154543616,High Cool Air Conditioners & Electrical,,None
,https://www.hotfrog.com.my/company/1100241162846208,Hi-Point Machinery Sdn Bhd,,None
,https://www.hotfrog.com.my/company/1100242399285248,Chung Khong Engineering Works Sdn Bhd(Chun Khong Engineering,,None
+603-26920340,https://www.hotfrog.com.my/company/1100241410777088,Golden Impex Trading (M) Sdn Bhd,,None
,https://www.hotfrog.com.my/company/1100241376157696,Granite Indah Sdn Bhd,,None
,https://www.hotfrog.com.my/company/1100241491599360,Geotechnical Testing & Analysis Sdn Bhd,,None
,https://www.hotfrog.com.my/company/1100242177499136,Daya Polymer Sdn Bhd,,None
,https://www.hotfrog.com.my/company/1100241407426560,Golden Trading Company,,None
,https://www.hotfrog.com.my/company/1100241874550784,Epic Energy Sdn Bhd,,None
,https://www.hotfrog.com.my/company/1100242034810880,Duta Textile Sdn Bhd,,None
+603-26911726,https://www.hotfrog.com.my/company/1100242157232128,De Bono Industries Sdn Bhd,,None
+603-42704381,https://www.hotfrog.com.my/company/1100243008675840,Budi Jati Offshore Sdn Bhd,,None
,https://www.hotfrog.com.my/company/1100241187012608,Hengli Air-Con & Electrical Service Sdn Bhd,,None
,https://www.hotfrog.com.my/company/1100241850925056,Eritel Telecommunications Co,,None
+603-78769315,https://www.hotfrog.com.my/company/1100242151329792,Delab Scientific Sdn Bhd,,None
+603-78035568,https://www.hotfrog.com.my/company/1100242214342656,Dagang Teknik Sdn Bhd,,None
,https://www.hotfrog.com.my/company/1100241579102208,Fumi Jaya Sdn Bhd,,None
+603-61365044,https://www.hotfrog.com.my/company/1100241322516480,H F Kejenteraan (Selangor) Sdn Bhd,,None
+603-79576458,https://www.hotfrog.com.my/company/1100241941872640,Elbit Electric Sdn Bhd,,None
,https://www.hotfrog.com.my/company/1100241737531392,Far East Cotton Industries Sdn Bhd,,None
+603-33419970,https://www.hotfrog.com.my/company/1100241528512512,Gan Heng Waa,,None
+603-58805855,https://www.hotfrog.com.my/company/1100243387936768,Assbp Trading Network Sdn Bhd,,None
,https://www.hotfrog.com.my/company/1100242271117312,Crescent Ndt & Inspection Sdn Bhd,,None
,https://www.hotfrog.com.my/company/1100241525723136/gao-shern-confectionery-sdn-bhd/masai/food-and-beverages,Gao Shern Confectionery Sdn Bhd,,None
,https://www.hotfrog.com.my/company/1100241292578816,Haji Murad Bakhash,,None
,https://www.hotfrog.com.my/company/1100241131122688,Hin Leong Engineering Work,,None
,https://www.hotfrog.com.my/company/1100243678457856,Aik Bee Trading,,None
+603-62772718,https://www.hotfrog.com.my/company/1100241729638400,Fc Services Sdn Bhd,,None
,https://www.hotfrog.com.my/company/1100241074806784,Hock Soon Poultry Farm,,None
,https://www.hotfrog.com.my/company/1100242532319232,Chiang Trading & Engineering Works,,None
,https://www.hotfrog.com.my/company/1100241669308416,Flexo Process Sdn Bhd,,None
,https://www.hotfrog.com.my/company/1100243063783424,Bonzon Air Con,,None
+603-56363828,https://www.hotfrog.com.my/company/1100242892836864,Carrier Experts Service (Central Malaysia) Sdn Bhd,,None
+603-22829239,https://www.hotfrog.com.my/company/1100244059303936,Samudra Timur Sdn Bhd,,None
+603-21647063,https://www.hotfrog.com.my/company/1100243642986496,Akurjaya Sdn Bhd,,None
,https://www.hotfrog.com.my/company/1100242921885696,Cameron Bharat Plantations Sdn Bhd,,None
+603-92838829,https://www.hotfrog.com.my/company/1100243672055808,Air Cond Experts Sales & Service Malaysia Sdn Bhd,,None
+603-78453948,https://www.hotfrog.com.my/company/1100243670507520,Airate Sdn Bhd,,None
+603-33428188,https://www.hotfrog.com.my/company/1100243557425152,Amrich Foam Manufacturing (M) Sdn Bhd,,None
,https://www.hotfrog.com.my/company/1100244627808256,Pgn Tunas Harapan,,None
,https://www.hotfrog.com.my/company/1100244830113792,Perak Textile Mills Sdn Bhd,,None
+603-91316400,https://www.hotfrog.com.my/company/1100243670724608,Air-Cond Rental Sdn Bhd,,None
,https://www.hotfrog.com.my/company/1100245139308544,Normah Perniagaan Sdn Bhd,,None
,https://www.hotfrog.com.my/company/1100243244347392,Ban Huat Machinery Sdn Bhd,,None
,https://www.hotfrog.com.my/company/1100243003097088,Bukit Yong Kuari Sdn Bhd,,None
+6013-8105955,https://www.hotfrog.com.my/company/1100244226785280,Rez System Sdn Bhd,,None
,https://www.hotfrog.com.my/company/1100244627161088,Ph Chiew & Brothers Sdn Bhd,,None
,https://www.hotfrog.com.my/company/1100243536355328,Ang Air Condition And Electrical Service,,None
+603-21617166,https://www.hotfrog.com.my/company/1100244652945408,Petrolkapal Sdn Bhd,,None
+603-77817996,https://www.hotfrog.com.my/company/1100244147482624,S & M Geotechnic Sdn Bhd,,None
,https://www.hotfrog.com.my/company/1100243671957504,Air Cycle Engineering,,None
+603-61572406,https://www.hotfrog.com.my/company/1100244220379136,Rim Nursery Sdn Bhd,,None
+603-89619733,https://www.hotfrog.com.my/company/1100243505758208,Antichem Organic Fertilizer (M) Sdn Bhd,,None
+603-40424515,https://www.hotfrog.com.my/company/1100243417792512,Asia Auto Centre Sdn Bhd,,None
+603-21647888,https://www.hotfrog.com.my/company/1100243268579328/baker-hughes-inteq-m-sdn-bhd/kuala-lumpur/food-and-beverages,Baker Hughes Inteq (M) Sdn Bhd,,None
,https://www.hotfrog.com.my/company/1100238608322560,Sin Tong Hong Sdn Bhd,,None
,https://www.hotfrog.com.my/company/1100238550470656,Sky Golf Centre Sdn Bhd,,None
,https://www.hotfrog.com.my/company/1100240472117248,Kalyana Raman Trading,,None
+603-56329433,https://www.hotfrog.com.my/company/1100243774402560,Advanced Piping Systems Sdn Bhd,,None
,https://www.hotfrog.com.my/company/1100239623069696,Lee Hiap Guan Trading,,None
+603-79831372,https://www.hotfrog.com.my/company/1100239364481024,M.I. Piling Construction (M) Sdn Bhd,,None
,https://www.hotfrog.com.my/company/1100240181264384,Kilang Papan Galas Setia (Kelantan) Sdn Bhd,,None
,https://www.hotfrog.com.my/company/1100242947624960,Cab Cakaran Sdn Bhd,,None
+603-41076912,https://www.hotfrog.com.my/company/1100239968608256,Kpm Niaga Sdn Bhd,,None
+603-21485466,https://www.hotfrog.com.my/company/1100239854862336,Langkawi Marble Co. Sdnbhd,,None
,https://www.hotfrog.com.my/company/1100242182045696,Dataran Tenaga (M) Sdn Bhd,,None
+603-56216884,https://www.hotfrog.com.my/company/1100244474941440,Protonic Sdn Bhd,,None
+603-61895106,https://www.hotfrog.com.my/company/1100238265090048,Suria Pembekal Umum Sdn Bhd,,None
,https://www.hotfrog.com.my/company/1100241351983104,Gsm Communication,,None
,https://www.hotfrog.com.my/company/1100241880535040,Engho Brothers Sdn Bhd,,None
,https://www.hotfrog.com.my/company/1100244839780352,Peng Kee & Son Hardware Co,,None
,https://www.hotfrog.com.my/company/1100240751083520,Island Refrigeration & Engineering Sdn Bhd,,None
+603-79847337,https://www.hotfrog.com.my/company/1100237492633600,Trakin Sdn Bhd,,None
+603-42702127,https://www.hotfrog.com.my/company/1100238552809472,Skako Asia Sdn Bhd,,None
+603-33412650,https://www.hotfrog.com.my/company/1100243240824832,Ban Sin Sdn Bhd,,None
,https://www.hotfrog.com.my/company/1100243134164992,Big Toyo Machinery Sdn Bhd,,None
+603-22737675,https://www.hotfrog.com.my/company/1100244226347008,Rg Digital Communication Sdn Bhd,,None
+603-56311933,https://www.hotfrog.com.my/company/1100244094111744,Safety Innovators Sdn Bhd,,None
+603-80241615,https://www.hotfrog.com.my/company/1100245416415232,Ms Instruments Sdn Bhd,,None
+603-87345998,https://www.hotfrog.com.my/company/1100243439529984,Asachem (M) Sdn Bhd,,None
+603-77342224,https://www.hotfrog.com.my/company/1100243095404544,Ara Gemilang Saintifik Sdn Bhd,,None
+603-79845333,https://www.hotfrog.com.my/company/1100244475830272,Prossessional Tradetec Sdn Bhd,,None
+603-80618372,https://www.hotfrog.com.my/company/1100238814158848,Sega Irama,,None
,https://www.hotfrog.com.my/company/1100237049122816,Xuria Enterprise,,None
,https://www.hotfrog.com.my/company/1100240933777408,Hup Kee Welding Works,,None
+603-51220070,https://www.hotfrog.com.my/company/1100242305617920,Connell Brothers Co. Ltd,,None
,https://www.hotfrog.com.my/company/1100244192948224,Rong Fung Sdn Bhd,,None
+603-40429830,https://www.hotfrog.com.my/company/1100237251342336,Vosion Electrical & Air Conditioning Sdn Bhd,,None
,https://www.hotfrog.com.my/company/1100238284779520,Supreme Services & Supplies,,None
+603-78062326,https://www.hotfrog.com.my/company/1100238410182656,Sribina Enterprise,,None
+603-62526482,https://www.hotfrog.com.my/company/1100239083188224,Mecatech Supplier,,None
+603-89439299,https://www.hotfrog.com.my/company/1100239012900864,Mgi Manufacturing Sdn Bhd,,None
,https://www.hotfrog.com.my/company/1100243162869760,Beng Aik Auto Air Cond & Electrical Service,,None
+603-40218698,https://www.hotfrog.com.my/company/1100238965239808,Ming Hoe Audio Sales & Service,,None
+603-91326918,https://www.hotfrog.com.my/company/1100241050169344,Home Plus Sdn Bhd,,None
,https://www.hotfrog.com.my/company/1100241298190336,Haggai Motor Workshop,,None
+603-56351330,https://www.hotfrog.com.my/company/1100239078686720,Medical Dental Laboratory Provider Sdn Bhd,,None
,https://www.hotfrog.com.my/company/1100242499522560,Chiyoda Integre Company (Johor) Sdn Bhd,,None
+603-62583790,https://www.hotfrog.com.my/company/1100241131352064,Hin Leon Auto (Kuala Lumpur) Sdn Bhd,,None
+603-87372625,https://www.hotfrog.com.my/company/1100243377901568,Atlantis Construction & Pool Builder Sdn Bhd,,None
+603-78741907,https://www.hotfrog.com.my/company/1100244938502144,Paramount Lawn Mower Centre,,None
+603-56378804,https://www.hotfrog.com.my/company/1100243104960512,Bicos Engineering Sdn Bhd,,None
,https://www.hotfrog.com.my/company/1100236882010112,Zarah Sdn Bhd,,None
+603-56364770,https://www.hotfrog.com.my/company/1100237247062016,Wacker Machinery Malaysia Sdn Bhd,,None
+603-92811323,https://www.hotfrog.com.my/company/1100239857430528,Lan Hoe Enterprise (1979) Sdn Bhd,,None
+603-56370192,https://www.hotfrog.com.my/company/1100238326726656,Summer Air-Conditioning Engineering Sdn Bhd,,None
,https://www.hotfrog.com.my/company/1100243352444928,Auto-Mech Industries Resources Sdn Bhd,,None
,https://www.hotfrog.com.my/company/1100240317505536,Kejuruteraan Hawa Dingin Heng,,None
+603-51922888,https://www.hotfrog.com.my/company/1100242868776960,Cel Tractors Sdn Bhd,,None
+603-87235618,https://www.hotfrog.com.my/company/1100244444127232,Pusat Elektronik Chong Ling,,None
+6016-6292623,https://www.hotfrog.com.my/company/1100232597364736,HM SUPPLIES SDN BHD,WE SUPPLY SPRAY PAINT AIR DRY PAINT....,None
+6011-23034160,https://www.hotfrog.com.my/company/1100232065511424,CENTRAL WISDOM ENTERPRISE,We are provide services for building construction such as: 1) ALL TYPE SCAFFOLDING ERECTION 2) PERSONAL PROTECTIVE EQUIPMENT...,None
+605-3235266,https://www.hotfrog.com.my/company/1100230134595584,Choy Audio Visual,Sales and service all kind of audio visual equipment....,None
,https://www.hotfrog.com.my/company/1100232030359552,MULTI-CARE MEDIC SUPPLIES,"we have selling medical equipment including clinical laboratory , Enteral Feeding , and so on....",None
+6010-7057024,https://www.hotfrog.com.my/company/1100231945019392,Heat Treatment Services ( ISPM 15 ),we're an established company and have 54 acres factory land. we can received a high volume order for heat treatment include...,None
+919724235487,https://www.hotfrog.com.my/company/1100232499732480,MARINEX MARINE SERVICES,MARINEX MARINESERVICES is a fast growing Supplier / Exporter / Services / of used marine machinery and ship repair owned and...,None
+6012-5590999,https://www.hotfrog.com.my/company/1100233845850112,superprice,"new item kenwood walkies talkie come with handset, charger, battery and belt clip. pls contact 0125590999...",None
+6016-3769778,https://www.hotfrog.com.my/company/1100234056658944,Carillion Electronics Company,"Carillion Electronics company is one of the top 10 electronics company in Malaysia with all kind of electronics,knowing and...",None
+603-90592079,https://www.hotfrog.com.my/company/1100235034279936,Teraju Laksana Sdn. Bhd.,,None
+6011-26929836,https://www.hotfrog.com.my/company/1100232248774656,Muhammad Abdullah,We are Trading company of Office & School Supplies directory provides business listings associated with Educational...,None
+6016-2580545,https://www.hotfrog.com.my/company/1100236053311488,STARZ TELECOMMUNICATION,"Starz telecommunications is already 10 years company, they sell strongly digi postpaid, prepaid product , handphone, service phone...",None
,https://www.hotfrog.com.my/company/1100234704334848,TWIN STARS AGENCIES Sdn Bhd,TWIN STARS AGENCIES is the authorise Mitsubishi FUSO dealer appointed by Mercedes Benz Malaysia.Supported by an experience team in...,None
+603-32146602,https://www.hotfrog.com.my/company/1100236227440640,Halo Communication,"we sellin and trade in all kind of handphone business,all kind communication equipment, network services, handphone services...",None
+6017-7259933,https://www.hotfrog.com.my/company/1100234128515072,Second Hand Electronic Appliance,Soon Heng Trading & ServiceWholesale and Retail Second Hand Electrical AppliancesOur Main Business is Wholesale and Retail...,None
+6019-2608531,https://www.hotfrog.com.my/company/1100234411114496,Kejuruteraan Teguh Maju,,None
,https://www.hotfrog.com.my/company/1100234453082112,PPHITOP,"Pphitop Core Business: Business Unit 1~ Electronic Components: 1. PCB: also on small quantity like 1PC2. IC: Atmel, Microchip,...",None
+603-61853699,https://www.hotfrog.com.my/company/1100234489720832,San Ho Electrical Trading Sdn. Bhd,,None
+6017-3120011,https://www.hotfrog.com.my/company/1100233922973696,joy limited,New Cameras for sale...,None
+603-33487198,https://www.hotfrog.com.my/company/1100236995162112,Yen Kiat Enterprise Co,,None
+603-89613422,https://www.hotfrog.com.my/company/1100245249978368,New Line Furnituresdn Bhd,,None
,https://www.hotfrog.com.my/company/1100245391036416,Mui Yong (M) Sdn Bhd,,None
,https://www.hotfrog.com.my/company/1100244603875328,Pied Piper Southern Sdn Bhd,,None
,https://www.hotfrog.com.my/company/1100245452607488,Advance Hair Cosmetic,,None
,https://www.hotfrog.com.my/company/1100245310279680,Nam Sun & Co.,,None
,https://www.hotfrog.com.my/company/1100244973154304,Pak Keong Co,,None
+603-40412039,https://www.hotfrog.com.my/company/1100245164769280,Noble Stationers(Noble Stationers Sdn Bhd),,None
,https://www.hotfrog.com.my/company/1100244831490048,Perabut Swee Huat Heng,,None
+603-26911113,https://www.hotfrog.com.my/company/1100245330329600,Nahar & Co,,None
,https://www.hotfrog.com.my/company/1100244226990080,Rexroth Sdn Bhd (Mannesmann Rexroth Sdn Bhd),,None
,https://www.hotfrog.com.my/company/1100245191524352,Ngia Ho Funiture Maker,,None
,https://www.hotfrog.com.my/company/1100244632068096,Pgn Kastria Maju (Perniagaan Kastria Maju),,None
+603-40425226,https://www.hotfrog.com.my/company/1100244944547840,Panmatic (M) Sdn Bhd,,None
,https://www.hotfrog.com.my/company/1100244998410240,Pacafic Consortium Shipping Sdn Bhd,,None
+603-79561104,https://www.hotfrog.com.my/company/1100244624666624,Phils Sport Trading (Phils Sport & Trading),,None
,https://www.hotfrog.com.my/company/1100245420412928,Acrowin Sdn Bhd(Acrowin Sendirian Berhad),,None
,https://www.hotfrog.com.my/company/1100244883767296,Pele' Enterprise,,None
+603-42922198,https://www.hotfrog.com.my/company/1100244882305024,Pembekal Juta Sdn Bhd,,None
,https://www.hotfrog.com.my/company/1100245024940032,Oung Phaik Gnoh(Nepmatic Sdn Bhd),,None
+603-56371088,https://www.hotfrog.com.my/company/1100244396036096,Questate Technology Sdn Bhd,,None
,https://www.hotfrog.com.my/company/1100245418143744,Achipelego Shipping (Sarawak) Sdn Bhd,,None
,https://www.hotfrog.com.my/company/1100244650782720,Pgn Ahmad Tajudin Sdn Bhd,,None
,https://www.hotfrog.com.my/company/1100244804890624,Perhiasan & Perabut Soon Hee,,None
+603-79807357,https://www.hotfrog.com.my/company/1100245383237632,Mun Ming Co,,None
+603-78809863,https://www.hotfrog.com.my/company/1100245003694080,P F M Engineering Sdn Bhd,,None
,https://www.hotfrog.com.my/company/1100244514938880,Premier Glory Sdn Bhd,,None
,https://www.hotfrog.com.my/company/1100245360738304,Mustika Ratu Marketing Sdn Bhd,,None
,https://www.hotfrog.com.my/company/1100245227003904,Newset System Enterprise Sdn Bhd,,None
,https://www.hotfrog.com.my/company/1100244802117632,Perkhidmatan Elektrik Dan Penyejukan Chong Lian,,None
,https://www.hotfrog.com.my/company/1100245275725824,Nepac (M) Sdn Bhd,,None
,https://www.hotfrog.com.my/company/1100245413425152,Muar Hard Boards Sdn Bhd,,None
,https://www.hotfrog.com.my/company/1100245191094272,Ngie Thai Furn,,None
,https://www.hotfrog.com.my/company/1100245187518464,Ninety-Nine Studio,,None
,https://www.hotfrog.com.my/company/1100244996341760,Pacific Forwarding & Trading Co,,None
,https://www.hotfrog.com.my/company/1100244655718400,Pest Stopper Sarawak Sdn Bhd,,None
,https://www.hotfrog.com.my/company/1100238042865664,Syarikat Perniagaan Ta Lian,,None
,https://www.hotfrog.com.my/company/1100237919592448,Sykt Wah Kong Gambar Berwarna Svc,,None
,https://www.hotfrog.com.my/company/1100237777645568,Tat Lee Engineering (Jb) Sdn Bhd,,None
+603-56330071,https://www.hotfrog.com.my/company/1100237019439104,Yau Enterprise,,None
+603-92214100,https://www.hotfrog.com.my/company/1100237244571648,Wah Leong Hardware Sdn Bhd,,None
+603-61561476,https://www.hotfrog.com.my/company/1100237039480832,Yap Brother\'S Trading,,None
,https://www.hotfrog.com.my/company/1100237803921408,Tan Yok Tin,,None
,https://www.hotfrog.com.my/company/1100238077014016,Syarikat Perabot Lien Lee,,None
,https://www.hotfrog.com.my/company/1100238046707712,Syarikat Perniagaan Perabut You Ya,,None
+603-21486216,https://www.hotfrog.com.my/company/1100237838082048,Talon Trading,,None
+607-8061626,https://www.hotfrog.com.my/company/1100234288275456,Atom It Network,,None
,https://www.hotfrog.com.my/company/1100238433353728,Sri Daya Enterprise,,None
,https://www.hotfrog.com.my/company/1100237775093760,Tawang Enterprise,,None
+603-80610089,https://www.hotfrog.com.my/company/1100238257516544,Swefurniture(M) Sdn Bhd,,None
,https://www.hotfrog.com.my/company/1100237080518656,Wong Seew Ing,,None
,https://www.hotfrog.com.my/company/1100238500794368,Soo Chik Soon & Son (Sabah) Enterprise Sdn Bhd,,None
+603-92846810,https://www.hotfrog.com.my/company/1100238378659840,Sterling Growth Sdn Bhd,,None
,https://www.hotfrog.com.my/company/1100236937318400,Yoonsteel (M) Sdn Bhd (Yoonsteel (Malaysia) Sdn Bhd),,None
,https://www.hotfrog.com.my/company/1100237970878464,Syarikat Ud Siburan Jaya,,None
,https://www.hotfrog.com.my/company/1100237166235648,Weng Chong Foudry,,None
+603-78760785,https://www.hotfrog.com.my/company/1100238123556864,Syarikat Lucky,,None
,https://www.hotfrog.com.my/company/1100237460369408,Tsima Jaya Engineering Sdn Bhd,,None
,https://www.hotfrog.com.my/company/1100238578896896,Siong Hup Furnishing Specialist,,None
,https://www.hotfrog.com.my/company/1100236937297920,Yoonsteel (M) Sdn Bhd(Yoonsteel (Malaysia) Sdn Bhd),,None
+603-77853719,https://www.hotfrog.com.my/company/1100237051580416,Wysoon Furnituretrading,,None
,https://www.hotfrog.com.my/company/1100236961959936,Yon Ching Furn,,None
+603-79679600,https://www.hotfrog.com.my/company/1100230985891840,Spring Reach Distribution,,None
,https://www.hotfrog.com.my/company/1100238410313728,Sri-Minah Enterprise Sdn Bhd,,None
,https://www.hotfrog.com.my/company/1100237162827776,Weng Seng Foundry Co,,None
,https://www.hotfrog.com.my/company/1100237774299136,Tay Ah Kow,,None
,https://www.hotfrog.com.my/company/1100237550141440,Toh Kai Huat,,None
,https://www.hotfrog.com.my/company/1100238354845696,Su Hai Thong Foundry Sdn Bhd,,None
,https://www.hotfrog.com.my/company/1100237496541184,Toyo Manequin Centre,,None
+603-40228886,https://www.hotfrog.com.my/company/1100237304856576,Vey Yick Trading Co Sdn Bhd,,None
,https://www.hotfrog.com.my/company/1100237969842176,Syarikat United Enterprise,,None
,https://www.hotfrog.com.my/company/1100237363761152,United Trading & Manufacturing Co,,None
,https://www.hotfrog.com.my/company/1100236903870464,Zainol Abidin Mat,,None
,https://www.hotfrog.com.my/company/1100238024945664,Syarikat Perniagaan Yong Liang,,None
,https://www.hotfrog.com.my/company/1100239622934528,Lee Hin Engineering & Trdg Co,,None
+603-61567671,https://www.hotfrog.com.my/company/1100239193341952,Man Shoon Trading,,None
+603-79826850,https://www.hotfrog.com.my/company/1100238130302976,Syarikat Kong Sheong Trading,,None
,https://www.hotfrog.com.my/company/1100239561134080,Letat Foundry,,None
,https://www.hotfrog.com.my/company/1100240175636480,Kim Hin Kelang Besi,,None
,https://www.hotfrog.com.my/company/1100240234819584,Khaw Leng Heng,,None
,https://www.hotfrog.com.my/company/1100239823499264,Lee Ah Nya & Lee Ai Choo,,None
,https://www.hotfrog.com.my/company/1100240423079936,Katinah Atan,,None
+603-21434329,https://www.hotfrog.com.my/company/1100239569502208,Lex Trading,,None
,https://www.hotfrog.com.my/company/1100238642323456,Sim Tat Sdn Bhd,,None
,https://www.hotfrog.com.my/company/1100239401181184,Low Chew Yong,,None
,https://www.hotfrog.com.my/company/1100240963534848,Huan Bing Hua,,None
,https://www.hotfrog.com.my/company/1100241073377280,Hoe Bee Engineering Trading,,None
,https://www.hotfrog.com.my/company/1100239507755008,Lim Ah Ngo,,None
+603-31491360,https://www.hotfrog.com.my/company/1100241155891200,Hidakagu Manufacturing (M`Sia) Sdn Bhd,,None
+603-22740046,https://www.hotfrog.com.my/company/1100239297634304,Mahawaras Sdn Bhd,,None
,https://www.hotfrog.com.my/company/1100238501265408,Sony (M) Sales & Services Sdn Bhd,,None
+603-79577530,https://www.hotfrog.com.my/company/1100238961393664,Miodini The Office World (M) Sdn Bhd,,None
+603-33424028,https://www.hotfrog.com.my/company/1100240158408704,Kim Kee Heng Industries (M) Sdn Bhd,,None
+603-87368845,https://www.hotfrog.com.my/company/1100241211478016,Heneta Enterprise,,None
,https://www.hotfrog.com.my/company/1100238612557824,Sin Ma,,None
,https://www.hotfrog.com.my/company/1100239157276672,Mastar Corporation Sdn Bhd,,None
,https://www.hotfrog.com.my/company/1100240367640576/kedai-kopi-kar-pin/kota-tinggi/food-and-beverages,Kedai Kopi Kar Pin,,None
,https://www.hotfrog.com.my/company/1100239369912320,M H E System (M) Sdn Bhd,,None
+603-87238568,https://www.hotfrog.com.my/company/1100240846016512,Impex Gen Enterprise Sdn Bhd,,None
+603-92217306,https://www.hotfrog.com.my/company/1100239618269184,Lee Mee Loke @ Chan Sau Peng,,None
,https://www.hotfrog.com.my/company/1100240232759296,Kheng Seng Foundry Co,,None
,https://www.hotfrog.com.my/company/1100239344771072,Mac-Nels Shipping (Kk) Sdn Bhd,,None
+603-61579330,https://www.hotfrog.com.my/company/1100231364952064,Eiki,EIKI Projectors cover the spectrum from ultra portable presentation projectors to high powered theater quality projection...,None
,https://www.hotfrog.com.my/company/1100239621496832,Lee Jeong Shu,,None
,https://www.hotfrog.com.my/company/1100239998074880,Kong Hoe Industries Co.,,None
,https://www.hotfrog.com.my/company/1100238466699264,South Link Enterprise,,None
+603-56363810,https://www.hotfrog.com.my/company/1100239475924992,Lindeteves Jacoberg (M) Sdn Bhd,,None
,https://www.hotfrog.com.my/company/1100240153882624,Kim Soon Hang Sdn Bhd,,None
,https://www.hotfrog.com.my/company/1100239996887040,Kong Ngai Photographer,,None
+6010-2776449,https://www.hotfrog.com.my/company/1100230324776960,Malaysian Easy Marketplace,,None
,https://www.hotfrog.com.my/company/1100238757683200,Sensation Home Sdn Bhd,,None
+603-79827722,https://www.hotfrog.com.my/company/1100239592603648,Lek Foong Foundry,,None
+603-89436248,https://www.hotfrog.com.my/company/1100240931979264,Hup Lit Enterprise,,None
+603-56317922,https://www.hotfrog.com.my/company/1100238804709376,Selaras Jaya Sdn Bhd,,None
+603-31913645,https://www.hotfrog.com.my/company/1100240173891584,Kim Hup Huat Trading,,None
,https://www.hotfrog.com.my/company/1100239622909952,Lee Hin Foundry (1972) Co,,None
,https://www.hotfrog.com.my/company/1100238995701760,Mhe-Demag (M) Sdn Bhd,,None
,https://www.hotfrog.com.my/company/1100241266647040,Hap Lick Carpentary Workshop,,None
+603-56336969,https://www.hotfrog.com.my/company/1100241586675712,Fu Chen Shine Machinery,,None
+603-51019380,https://www.hotfrog.com.my/company/1100231759044608,Polyscientific Enterprise,"Polyscientific Enterprise Sdn Bhd (Co. No.: 152064-D) is company that deal with various chemicals, safety equipment and various...",None
,https://www.hotfrog.com.my/company/1100241460154368,Global Marvel Sdn Bhd,,None
+603-31912118,https://www.hotfrog.com.my/company/1100241885646848,Eng Huat Heng Co,,None
,https://www.hotfrog.com.my/company/1100241915842560,Em Furniture Mfr Sdn Bhd,,None
+603-32242436,https://www.hotfrog.com.my/company/1100241471746048,Gey Meng Kilang Besi,,None
+603-80759715,https://www.hotfrog.com.my/company/1100241527562240,Gan Siong Chien,,None
+603-78614688,https://www.hotfrog.com.my/company/1100241329233920/guinness-anchor-bhd-guinness-anchor-berhad/petaling-jaya/food-and-beverages,Guinness Anchor Bhd(Guinness Anchor Berhad),,None
,https://www.hotfrog.com.my/company/1100241043582976,Hong Hwa Company,,None
,https://www.hotfrog.com.my/company/1100241850019840,Erten Sdn Bhd(Aus Ventilators Sdn Bhd),,None
,https://www.hotfrog.com.my/company/1100237079289856,Wong Teck Yiung,,None
+603-33920446,https://www.hotfrog.com.my/company/1100242559004672,Cheong Foundry Sdn Bhd,,None
+603-42573371,https://www.hotfrog.com.my/company/1100241847136256,Essmarine Trading Sdn Bhd,,None
,https://www.hotfrog.com.my/company/1100243297374208,B A L Kuching,,None
,https://www.hotfrog.com.my/company/1100242452344832,Chop Eng Hoe,,None
,https://www.hotfrog.com.my/company/1100242925985792,Cahaya Motor Letrik & Hawa Dingin,,None
+603-89489111,https://www.hotfrog.com.my/company/1100242478694400,Chong Hon Nam Foundry,,None
,https://www.hotfrog.com.my/company/1100243096678400,Bintulu Air Conditioning Centre,,None
,https://www.hotfrog.com.my/company/1100237079990272,Wong Siong Kong,,None
,https://www.hotfrog.com.my/company/1100242589884416,Cheah Kwong Heun Electrical Co,,None
+603-77838451,https://www.hotfrog.com.my/company/1100242475016192,Chong Thai Wee,,None
,https://www.hotfrog.com.my/company/1100242429775872,Chop Yee Sin,,None
,https://www.hotfrog.com.my/company/1100242538688512,Chew Khen Meng,,None
,https://www.hotfrog.com.my/company/1100242561187840,Cheng Kheng Choo @ Cheng Kow Chye,,None
,https://www.hotfrog.com.my/company/1100242896023552,Carina Telephone & Office Mtce (Carina Telephone & Office Ma,,None
+603-89422797,https://www.hotfrog.com.my/company/1100242642935808,Chai Ngit Leong,,None
+603-62768158,https://www.hotfrog.com.my/company/1100242306347008,Condensate Management System Sdn Bhd,,None
,https://www.hotfrog.com.my/company/1100237372755968,Unique-Com Systems(Unique-Com System Sdn Bhd),,None
,https://www.hotfrog.com.my/company/1100242400038912,Chung Chee Choy,,None
,https://www.hotfrog.com.my/company/1100237744119808,Teck Soon Motor (Sandakan) Sdn Bhd,,None
,https://www.hotfrog.com.my/company/1100237281366016,Vijayakumar Narayana Nair Krishnan,,None
