+603-62511459,https://www.hotfrog.com.my/company/1100237397028864,Unicool Electrical & Air Cond Co,,None
,https://www.hotfrog.com.my/company/1100238201352192,Syarikat Engineering & Electrical Sdn Bhd,,None
,https://www.hotfrog.com.my/company/1100242213269504,Dai Hwa Electronics (M) Sdn Bhd,,None
+603-79839310,https://www.hotfrog.com.my/company/1100241018036224,Hoong Electrical Engineering Co Sdn Bhd,,None,No
,https://www.hotfrog.com.my/company/1100244416827392,Puspa Jaya Trading,,None
,https://www.hotfrog.com.my/company/1100241130098688,Hin Yap Welding Workshop,,None
+6012-6301659,https://www.hotfrog.com.my/company/1100236393435136,Sound&Lighting Service,We are strong and specialize in sound and lighting equipment rental and set-up service....,None,Yes
+603-42969688,https://www.hotfrog.com.my/company/1100242977284096,C & C Telecommunication Sdn Bhd,,None,No
,https://www.hotfrog.com.my/company/1100237200949248,Wang Welding & Spraying Workshop,,None
+603-78763288,https://www.hotfrog.com.my/company/1100237393244160,Union Motor Work,,None,No
+603-20945700,https://www.hotfrog.com.my/company/1100237606674432,Thomas Varkki (M) Sdn Bhd,,None,No
+603-42928010,https://www.hotfrog.com.my/company/1100238375178240,Stonemark Sdn Bhd,,None,No
+6016-2231622,https://www.hotfrog.com.my/company/1100232288858112,Electrical Services (Big Electrical Enterprise),"Housing wiring and Industrial, Supply Industrial Electrical products, Switch Board / PIC, Maintanance of Electrical Equipment,...",None,Yes
,https://www.hotfrog.com.my/company/1100241855152128,Epzeal (M) Sdn Bhd,,None
+6013-8040546,https://www.hotfrog.com.my/company/1100232460722176,Digital Two Way Communications SDN BHD,"Digital Two Way Communications are Motorola Genuine Outlet, We sell&supply MOTOROLA and Vertex Standard walkie-talkie . We...",None,No
+603-33236624,https://www.hotfrog.com.my/company/1100243622731776,Alat-Alat Sukan Yong Leong,,None,No
+6012-9142932,https://www.hotfrog.com.my/company/1100232424865792,BENNY AIRCOND AND WATER SYSTEM (kajang),"we provide 3 different type of service. 1. Air conditioning - normal service & chemical service, sell & trade in new &...",None,Yes
,https://www.hotfrog.com.my/company/1100244676313088,Perusahaan Edaran Sains Sdn Bhd,Dear SirDiakob Enterprises is a service providing companyworking for pharmaceutical Industries for their mutual collaboration...,None
+6017-3018810,https://www.hotfrog.com.my/company/1100234968363008,First Global Distribution,"We are one of the major distributor and exporter for Panasonic & NEC PABX System. We sell all type of Panasonic Equipments,...",None,Yes
+603-60572714,https://www.hotfrog.com.my/company/1100242302050304,Contract Latex Dippers Sdn Bhd,,None,No
+603-77822661,https://www.hotfrog.com.my/company/1100236911071232,Yuntak Air-Conditioning Services Sdn Bhd,,None,No
+603-78031305,https://www.hotfrog.com.my/company/1100239081963520,Mectrik Sdn Bhd,,None,No
,https://www.hotfrog.com.my/company/1100239874273280,Lam Mah Engineering Workshop,,None
,https://www.hotfrog.com.my/company/1100239370162176,M E T Motion Engineering & Trading Sdn Bhd,,None
,https://www.hotfrog.com.my/company/1100241016786944,Hoover Refrigeration & Air Cond,,None
,https://www.hotfrog.com.my/company/1100241794875392,Exotic Radiance Sdn Bhd,,None
+603-56363374,https://www.hotfrog.com.my/company/1100242984857600,Bumi Jati Industrial Electronic Suppliers,,None,No
+603-78030976,https://www.hotfrog.com.my/company/1100237046509568,Y. Muhibah Sales & Servicing Centre,,None,No
,https://www.hotfrog.com.my/company/1100238613524480,Sin Lee Welding & Spray Works,,None
+603-79572111,https://www.hotfrog.com.my/company/1100237664051200,Thames Water Engineering (M) Sdn Bhd,,None,No
+603-40421715,https://www.hotfrog.com.my/company/1100238206107648,Syarikat Colden Harvest Air Cond & Refrigeration,,None,No
,https://www.hotfrog.com.my/company/1100238501105664,Sony Electronics (M) Sdn Bhd,,None
+603-27102278,https://www.hotfrog.com.my/company/1100238608883712,Sin Tel Teleshop,,None,No
+603-79834631,https://www.hotfrog.com.my/company/1100239420211200,Loong Fuat Electrical Engineering Sdn Bhd,,None,No
,https://www.hotfrog.com.my/company/1100240643420160,Jb-Tech Metalwork Sdn Bhd,,None
,https://www.hotfrog.com.my/company/1100240204836864,Kian Sin Welding Shop,,None
+603-61365044,https://www.hotfrog.com.my/company/1100241318875136/h-f-ketenteraan-selangor-sdn-bhd/batu-caves/food-and-beverages,H.F. Ketenteraan (Selangor) Sdn Bhd,,None,No
+603-51628896,https://www.hotfrog.com.my/company/1100241015689216,Horn Chai Enterprise,,None,No
,https://www.hotfrog.com.my/company/1100238407077888,St Sound & Light Sdn Bhd,,None
,https://www.hotfrog.com.my/company/1100242183266304,Datacom Sdn Bhd,,None
+603-89483719,https://www.hotfrog.com.my/company/1100238995046400,Mibamansura Trading Sdn Bhd,,None,No
+603-61893213,https://www.hotfrog.com.my/company/1100241108250624,Hiyamim Ava Sdn Bhd,,None,No
,https://www.hotfrog.com.my/company/1100241966604288,Ee Seng Company,,None
+603-87373952,https://www.hotfrog.com.my/company/1100243504214016,Anve Sports (M) Sdn Bhd,,None,No
+603-77836160,https://www.hotfrog.com.my/company/1100241795887104,Executive Resources Sdn Bhd,,None,No
+603-79550455,https://www.hotfrog.com.my/company/1100243294466048,B. Braun Medical Supplies Sdn Bhd,,None,No
+603-76603030,https://www.hotfrog.com.my/company/1100243651641344,Aiwa Ipc (M) Sdn Bhd,,None,No
,https://www.hotfrog.com.my/company/1100242067783680,Directline Drilling (M) Sdn Bhd,,None
+603-56326788,https://www.hotfrog.com.my/company/1100242867785728,Cellstar Amtel Sdn Bhd,,None,No
+603-42915452,https://www.hotfrog.com.my/company/1100242559975424,Chenghai Letronik Supply,,None,No
+603-87234211,https://www.hotfrog.com.my/company/1100245314863104,Nakagawa Chemical Services (M) Sdn Bhd,,None,No
+603-78771884,https://www.hotfrog.com.my/company/1100244003713024,Scientific Trends (M) Sdn Bhd,,None,No
,https://www.hotfrog.com.my/company/1100240146259968,Kinabalu Techinical Instruments Sdn Bhd,,None
,https://www.hotfrog.com.my/company/1100245086814208,Ofeqcom Sdn Bhd,,None
+603-87249008,https://www.hotfrog.com.my/company/1100238839070720,Mpc Revelation Sdn Bhd,,None,No
+603-79818888,https://www.hotfrog.com.my/company/1100237715488768,Telekom Sales & Services Sdn Bhd,,None,No
+603-22749405,https://www.hotfrog.com.my/company/1100242371555328,City Sewerage Sdn Bhd,,None,No
+603-80246110,https://www.hotfrog.com.my/company/1100242089963520,Digitest Sdn Bhd,,None,No
+603-92855830,https://www.hotfrog.com.my/company/1100237015150592,Yee Chow Letrik Sdn Bhd,,None,No
+6019-4461489,https://www.hotfrog.com.my/company/1100235930648576,Fixoll Enterprise,Fixoll Enterprise is the right partner for your GRAINStorage needs. Fixoll Enterprise stores GRAINS naturallywithout harmful...,None,Yes
+603-78460180,https://www.hotfrog.com.my/company/1100234229137408,MEDIC DOT COM SDN BHD,We are Medical Equipment and Disposable supplier from Adult to Perinatal Care. We do OEM manufacturing for our range of...,None,No
+6018-2308416,https://www.hotfrog.com.my/company/1100232132874240,TRANSPORT,"Good Day We J SELINA RESOURCES transporter Lorry 3 ton - local & out station Van , car - local & out station Tks...",None,Yes
,https://www.hotfrog.com.my/company/1100233981259776,JKS TRADING SDN BHD,"JKS TRADING SDN BHD is TOPCON authorized dealer in Malaysia since 2007.We are specializes in Sales and Service of Land Survey,...",None
,https://www.hotfrog.com.my/company/1100238810894336,Seiko Denki (M) Sdn Bhd,,None
+603-61404347,https://www.hotfrog.com.my/company/1100243642511360,Al Meswak Mu'Min Sdn Bhd,,None,No
+603-89422846,https://www.hotfrog.com.my/company/1100237305024512,Vetplus Sdn Bhd,,None,No
,https://www.hotfrog.com.my/company/1100239873425408,Lam Weng & Sons Piling & Timber Sdn Bhd,,None
+603-78761492,https://www.hotfrog.com.my/company/1100244684369920,Pertama Air Conditioning Sdn Bhd,,None,No
+6019-2158266,https://www.hotfrog.com.my/company/1100234725838848,Pall-Thai Trading Co.Sdn.Bhd.,We are the leading manufacture cleaning chemical and deodorant block....,None,Yes
+603-55109013,https://www.hotfrog.com.my/company/1100244447076352,Pusaka Tuah Sdn Bhd,,None,No
+603-78475767,https://www.hotfrog.com.my/company/1100245389230080,Multi Discovery Sdn Bhd,,None,No
+603-77827205,https://www.hotfrog.com.my/company/1100245416169472,Ms United U-Li (M) Sdn Bhd,,None,No
+603-41495744,https://www.hotfrog.com.my/company/1100244800937984,Perkontema,,None,No
+603-78462514,https://www.hotfrog.com.my/company/1100245078487040,Onamba (Kl) Sdn Bhd,,None,No
,https://www.hotfrog.com.my/company/1100245417709568,Acl Confort Air-Cond Sdn Bhd (Comport Air Conditioning & Ref,,None
,https://www.hotfrog.com.my/company/1100245255811072,Neutral Line (M) Sdn Bhd,,None
,https://www.hotfrog.com.my/company/1100245165084672,Noble Esteem Sdn Bhd,,None
,https://www.hotfrog.com.my/company/1100244856471552,Penang Salvage Co,,None
,https://www.hotfrog.com.my/company/1100245189304320,Nhk Machinery Sdn Bhd,,None
,https://www.hotfrog.com.my/company/1100234480967680,Multipulse Electronics,"Company:Multi-pulse ElectronicsADD:Unit 3 Goldsworth ParkTrading Estate Kestrel WayWoking, Surrey GU21 3BA Country:United...",None
+6088-255410,https://www.hotfrog.com.my/company/1100236132941824,SAGA TECHNOLOGY,"supply health and medical equipment,...",None,No
+603-92815209,https://www.hotfrog.com.my/company/1100245115768832,Nuang Kong Electric Co,,None,No
+603-26982151,https://www.hotfrog.com.my/company/1100237947981824,Syarikat Zin Letrik Agencs Am,,None,No
+604-7352989,https://www.hotfrog.com.my/company/1100236192067584,PANELIGHT ELECTRICAL ENGINEERING SDN BHD,Electrical Equipment- Electrical Switchboard-Supplies & Services...,None,No
+603-89963667,https://www.hotfrog.com.my/company/1100237780824064,Taramedic Corporation Sdn Bhd,,None,No
,https://www.hotfrog.com.my/company/1100237720584192,Teik Kee Co. Sdn Bhd,,None
,https://www.hotfrog.com.my/company/1100238474854400,Soon Lee Telephonic Services,,None
,https://www.hotfrog.com.my/company/1100237135937536,William\'S Electronic,,None
+603-33441229,https://www.hotfrog.com.my/company/1100237302263808,Victorae Environmental Sdn Bhd,,None,No
,https://www.hotfrog.com.my/company/1100238326960128,Sumitomo Electric Interconnect Product (M) Sdn Bhd,,None
+603-77288124,https://www.hotfrog.com.my/company/1100237490036736,Transcore (M) Sdn Bhd,,None,No
,https://www.hotfrog.com.my/company/1100238410149888,Sricon (M) Sdn Bhd,,None
,https://www.hotfrog.com.my/company/1100238229082112,Syarikat Bintang Elektrik,,None
+603-90571689,https://www.hotfrog.com.my/company/1100237579390976,Timcom Enterprise,,None,No
,https://www.hotfrog.com.my/company/1100237164720128,Weng Hoong Welding Industries Sdn Bhd,,None
+603-78043975,https://www.hotfrog.com.my/company/1100237668044800,Tex Americo Inc (M) Sdn Bhd,,None,No
,https://www.hotfrog.com.my/company/1100238020202496,Syarikat Rambena,,None
,https://www.hotfrog.com.my/company/1100238172311552,Syarikat Jazwin,,None
+603-56323752,https://www.hotfrog.com.my/company/1100237716578304,Tele Timor Communication Sdn Bhd,,None,No
+603-77272840,https://www.hotfrog.com.my/company/1100238751862784,Seri Aero Jaya Sdn Bhd,,None,No
+603-56364184,https://www.hotfrog.com.my/company/1100240318091264,Kejuruteraan Elektrik Utama,,None,No
+603-56340659,https://www.hotfrog.com.my/company/1100239853797376,Lap Consultancy,,None,No
,https://www.hotfrog.com.my/company/1100240119001088,Kjrut Memkom Sdn Bhd,,None
+603-62577330,https://www.hotfrog.com.my/company/1100238590918656,Sin Yuan Enterprise Sdn Bhd,,None,No
,https://www.hotfrog.com.my/company/1100238813016064,Segamat Universal Sdn Bhd,,None
+603-62516215,https://www.hotfrog.com.my/company/1100240262410240,Kepong Rehab Shop,,None,No
,https://www.hotfrog.com.my/company/1100240119676928,Kjrut Cheong Bersaudara,,None
,https://www.hotfrog.com.my/company/1100241100804096,Ho Kum Wan,,None
,https://www.hotfrog.com.my/company/1100230642647040,Homegym,"HomeGym.MY provides a wide range of high-quality home and gym equipment such as treadmill, dumbbell, gym benches and more...",None
,https://www.hotfrog.com.my/company/1100242144493568,Denko Electronic,,None
,https://www.hotfrog.com.my/company/1100239400349696,Low Kok Soo,,None
+603-62518458,https://www.hotfrog.com.my/company/1100241581842432,Fukushima Astic (M) Sdn Bhd,,None,No
+603-62510897,https://www.hotfrog.com.my/company/1100242394640384,Cintech Systems Sdn Bhd,,None,No
+603-77272835,https://www.hotfrog.com.my/company/1100241459904512,Global Offshore Malaysia Sdn Bhd,,None,No
,https://www.hotfrog.com.my/company/1100241580679168,Fullian (M) Sdn Bhd,,None
,https://www.hotfrog.com.my/company/1100237074976768,Woon Bros Elct,,None
,https://www.hotfrog.com.my/company/1100242477465600,Chong Kwee Hiang,,None
,https://www.hotfrog.com.my/company/1100241585164288,Fugo-Tani Co,,None
,https://www.hotfrog.com.my/company/1100242036776960,Duniawai (M) Sdn Bhd,,None
,https://www.hotfrog.com.my/company/1100242560860160,Cheng Moy,,None
,https://www.hotfrog.com.my/company/1100242856587264,Cerahlin Corporation (M) Sdn Bhd,,None
+603-90593248,https://www.hotfrog.com.my/company/1100237717733376,Teknomaju Sdn Bhd,,None,No
,https://www.hotfrog.com.my/company/1100242946891776,Cable & Wire Assemble (M) Sdn Bhd,,None
+603-78042213,https://www.hotfrog.com.my/company/1100243530838016,Angkasa Tegas Sdn Bhd,,None,No
,https://www.hotfrog.com.my/company/1100243098845184,Bintang Bekalan Auto Sdn Bhd,,None
,https://www.hotfrog.com.my/company/1100236989317120,Yew Lai Elct,,None
+603-41425601,https://www.hotfrog.com.my/company/1100237491683328,Trans Elite Resources,,None,No
,https://www.hotfrog.com.my/company/1100237406339072,Uhup Sdn Bhd,,None
+603-61569818,https://www.hotfrog.com.my/company/1100243562303488,American Lion Toothpaste Manufacturing Sdn Bhd,,None,No
+603-77285184,https://www.hotfrog.com.my/company/1100237578321920,Time Telecommunications Sdn Bhd,,None,No
,https://www.hotfrog.com.my/company/1100237747716096,Technomax (M) Sdnbhd,,None
+603-33438135,https://www.hotfrog.com.my/company/1100237432987648,Twin Worlwide Sdn Bhd,,None,No
,https://www.hotfrog.com.my/company/1100243700428800,Ahmad Mohd Yusof,,None
+603-78032395,https://www.hotfrog.com.my/company/1100237974130688,Syarikat Teleconco,,None,No
,https://www.hotfrog.com.my/company/1100237867229184,Tai Beng Trading Co.,,None
+603-79812183,https://www.hotfrog.com.my/company/1100243475894272,Araya Enterprise Sdn Bhd,,None,No
,https://www.hotfrog.com.my/company/1100238000140288,Syarikat Sim Light Electrical Enterprise,,None
+603-56315110,https://www.hotfrog.com.my/company/1100243558195200,Amphetronix Sdn Bhd,,None,No
,https://www.hotfrog.com.my/company/1100237574111232,Tiong Joo Trading Sdn Bhd,,None
,https://www.hotfrog.com.my/company/1100237483810816,Tricelink Woodworking Sdn Bhd,,None
+603-51920779,https://www.hotfrog.com.my/company/1100243619790848,Alfa-Laval (M) Sdn Bhd,,None,No
+603-33231811,https://www.hotfrog.com.my/company/1100237161394176,Wenger Farming Sdn Bhd,,None,No
+603-41082650,https://www.hotfrog.com.my/company/1100237483950080,Triarms Supplies & Services Sdn Bhd,,None,No
+603-62745717,https://www.hotfrog.com.my/company/1100237398499328,Uni-Resource Enterprise,,None,No
+603-79569788,https://www.hotfrog.com.my/company/1100237547241472,Tomato Communications Sdn Bhd,,None,No
,https://www.hotfrog.com.my/company/1100237894443008,T L J Integrated Sdn Bhd,,None
,https://www.hotfrog.com.my/company/1100244564426752,Polyforce Enterprise Sdn Bhd,,None
+603-89486661,https://www.hotfrog.com.my/company/1100243498201088,Applied Industries (M) Sdn Bhd,,None,No
+603-80758815,https://www.hotfrog.com.my/company/1100237341265920,Uptron Computers (M) Sdn Bhd,,None,No
+603-42928800,https://www.hotfrog.com.my/company/1100237973987328,Syarikat Tels Sdn Bhd,,None,No
+603-60915301,https://www.hotfrog.com.my/company/1100238378823680,Sterilgama (M) Sdn Bhd,,None,No
,https://www.hotfrog.com.my/company/1100237999075328,Syarikat Sin Long Heng Breedingn Farm Sdn Bhd,,None
+603-40426329,https://www.hotfrog.com.my/company/1100238226788352,Syarikat Cathay Electric,,None,No
,https://www.hotfrog.com.my/company/1100244397752320,Putra Sayang Resort,,None
,https://www.hotfrog.com.my/company/1100237812457472,Tan Heng Ta,,None
,https://www.hotfrog.com.my/company/1100237714706432,Televenture Sdn Bhd,,None
+603-40213341,https://www.hotfrog.com.my/company/1100244310331392,Rci Wire Sdn Bhd,,None,No
,https://www.hotfrog.com.my/company/1100238235148288,Syarikat Anduilin Enterprise (S) Sdn Bhd,,None
,https://www.hotfrog.com.my/company/1100237745852416,Teck Huat Farming Sdn Bhd,,None
+603-22731797,https://www.hotfrog.com.my/company/1100238433742848,Sri Communication Options & Futures Sdn Bhd,,None,No
+603-87364532,https://www.hotfrog.com.my/company/1100238642302976,Sim Tee Ming Engineering Construction Sdn Bhd,,None,No
,https://www.hotfrog.com.my/company/1100238468526080,Sound Vision Electronic Servicing Trading,,None
,https://www.hotfrog.com.my/company/1100237922897920,Sykt Perniagaan Kin Hong,,None
+603-56348038,https://www.hotfrog.com.my/company/1100244391620608,Qc Scinetific (M) Sdn Bhd,,None,No
+603-89486426,https://www.hotfrog.com.my/company/1100237715431424,Telelight Electronic Co,,None,No
+603-51913003,https://www.hotfrog.com.my/company/1100237755715584,Taylor-Wharton Asia (M) Sdn Bhd,,None,No
+603-79572448,https://www.hotfrog.com.my/company/1100238126759936,Syarikat Letrik Bobby Lim Sdn Bhd,,None,No
,https://www.hotfrog.com.my/company/1100238103273472,Syarikat Masra,,None
,https://www.hotfrog.com.my/company/1100238207328256,Syarikat Chong Dian Sdn Bhd,,None
,https://www.hotfrog.com.my/company/1100239994052608,Konvex Communication Sdn Bhd,,None
,https://www.hotfrog.com.my/company/1100240313860096,Kejuruteraan Tenaga Hidro Sdn Bhd,,None
,https://www.hotfrog.com.my/company/1100240420073472,Kazakon Sdn Bhd,,None
,https://www.hotfrog.com.my/company/1100241466097664,Ginivy Sdn Bhd,,None
,https://www.hotfrog.com.my/company/1100238776578048,Seng Leong Electronic,,None
,https://www.hotfrog.com.my/company/1100238647627776,Sihai Sdn Bhd,,None
,https://www.hotfrog.com.my/company/1100238202789888,Syarikat Elektronik Raymond,,None
+603-89422288,https://www.hotfrog.com.my/company/1100239348011008,M.R.U Sdn Bhd,,None,No
+603-78032628,https://www.hotfrog.com.my/company/1100240782053376,International Aeradio (M) Sdn Bhd,,None,No
,https://www.hotfrog.com.my/company/1100241327804416,Gunung Fibre Optik Sdn Bhd,,None
,https://www.hotfrog.com.my/company/1100240957095936,Hung Ho Engineering Co,,None
,https://www.hotfrog.com.my/company/1100238954135552,Mkk Industries Sdn Bhd,,None
+603-22732284,https://www.hotfrog.com.my/company/1100239100641280,Mdg Enterprise,,None,No
+603-56339585,https://www.hotfrog.com.my/company/1100240127102976,King'S Aquaculture Products,,None,No
+603-92829166,https://www.hotfrog.com.my/company/1100240595582976,Jing Seng Enterprise,,None,No
,https://www.hotfrog.com.my/company/1100239940550656,Kuantan Marine Engrg Sdn Bhd,,None
,https://www.hotfrog.com.my/company/1100240119812096,Kjrut Aditeknik (M) Sdn Bhd,,None
,https://www.hotfrog.com.my/company/1100238617337856,Sin Hoe Hin Engineering Sdn Bhd,,None
,https://www.hotfrog.com.my/company/1100238786146304,Sem Foong Sawmill Sdn Bhd (Menglembu),,None
,https://www.hotfrog.com.my/company/1100239847936000,Law Chik Hai,,None
,https://www.hotfrog.com.my/company/1100240673210368,Jamsa Sdn Bhd,,None
,https://www.hotfrog.com.my/company/1100239106154496,Mbm Distributors Sdn Bhd,,None
,https://www.hotfrog.com.my/company/1100239848132608,Law Bon Yong,,None
,https://www.hotfrog.com.my/company/1100239105478656,Mc Tan Trading Co,,None
+603-20932848,https://www.hotfrog.com.my/company/1100245412831232,Muara Perkasa Sdn Bhd,,None,No
+603-80768601,https://www.hotfrog.com.my/company/1100238907584512,Mohd Ismail,,None,No
,https://www.hotfrog.com.my/company/1100239447912448,Ll Company,,None
,https://www.hotfrog.com.my/company/1100239958446080,Kuan Ping Chew,,None
+603-79840800,https://www.hotfrog.com.my/company/1100240122097664,Kirloskar Electric Co Ltd,,None,No
+603-21414587,https://www.hotfrog.com.my/company/1100238589599744,Sinar Jelita Sdn Bhd,,None,No
+603-80603800,https://www.hotfrog.com.my/company/1100238806388736,Sel Telecommunications Sdn Bhd,,None,No
,https://www.hotfrog.com.my/company/1100239072854016,Mega Square Sdn Bhd,,None
,https://www.hotfrog.com.my/company/1100239619784704,Lee Koh Ching (A) Lee Kah Chun,,None
+603-89612033,https://www.hotfrog.com.my/company/1100239876284416,Laku Industries Sdn Bhd,,None,No
,https://www.hotfrog.com.my/company/1100240232534016,Kheng Soon Trading (M) Sdn Bhd,,None
+603-92862218,https://www.hotfrog.com.my/company/1100240595558400,Jing Seng Enterprise Sdn Bhd,,None,No
+603-31663888,https://www.hotfrog.com.my/company/1100240585416704,Johoku (M) Sdn Bhd,,None,No
+603-79836166,https://www.hotfrog.com.my/company/1100238642974720,Sim Lim Trading Co,,None,No
,https://www.hotfrog.com.my/company/1100243439120384,Asahi Best Base Sdn Bhd,,None
,https://www.hotfrog.com.my/company/1100241040486400,Hong Loong Electric Co,,None
+603-40247532,https://www.hotfrog.com.my/company/1100242029113344,Dz Sdn Bhd,,None,No
,https://www.hotfrog.com.my/company/1100241267560448,Hanshing Industries Sdn Bhd,,None
,https://www.hotfrog.com.my/company/1100240720187392,J. K. Sumi Harness Sdn Bhd,,None
,https://www.hotfrog.com.my/company/1100241850953728,Eritel Telecommunication Co,,None
+603-56347654,https://www.hotfrog.com.my/company/1100241790664704,Ezanco Sdn Bhd,,None,No
,https://www.hotfrog.com.my/company/1100241967214592,Ee Heng Electronik Service Centre,,None
,https://www.hotfrog.com.my/company/1100242305691648,Connectronic System Sdn Bhd,,None
,https://www.hotfrog.com.my/company/1100243328143360,Avg Electrade & Services,,None
,https://www.hotfrog.com.my/company/1100240789282816,Intantani Sdn Bhd,,None
+603-92835418,https://www.hotfrog.com.my/company/1100242065993728,Domage Control Sdn Bhd,,None,No
+603-77848805,https://www.hotfrog.com.my/company/1100241242800128,Hasal Enterprise,,None,No
+603-42951843,https://www.hotfrog.com.my/company/1100241702379520,Fibrecomm Network (M) Sdn Bhd,,None,No
+603-80248793,https://www.hotfrog.com.my/company/1100241585602560,Fuchitex (M) Sdn Bhd,,None,No
,https://www.hotfrog.com.my/company/1100241698992128,Fimatic Engineering (Johor) Sdn Bhd,,None
+603-55195699,https://www.hotfrog.com.my/company/1100242274971648,Cpcom Cables Sdn Bhd,,None,No
+603-92847804,https://www.hotfrog.com.my/company/1100242090426368,Digital Star Sdn Bhd,,None,No
+603-40214843,https://www.hotfrog.com.my/company/1100240782311424,Intermac Engineering & Trading Sdn Bhd,,None,No
+603-79804600,https://www.hotfrog.com.my/company/1100241291313152,Hala Jaya Sdn Bhd,,None,No
+603-33414910,https://www.hotfrog.com.my/company/1100243074744320,Bkz Enterprise,,None,No
+603-91019161,https://www.hotfrog.com.my/company/1100242888269824,Caterwell Sdn Bhd,,None,No
+603-26915999,https://www.hotfrog.com.my/company/1100242115809280,Dhesu (M) Sdn Bhd,,None,No
,https://www.hotfrog.com.my/company/1100242532655104,Chiang Construction Sdn Bhd,,None
,https://www.hotfrog.com.my/company/1100241917505536,Elkat Electronic M Sdn Bhd,,None
,https://www.hotfrog.com.my/company/1100241581457408,Fulian (M) Sdn Bhd,,None
+603-77846300,https://www.hotfrog.com.my/company/1100242531635200,Chiayo Enterprise Sdn Bhd,,None,No
+603-61877977,https://www.hotfrog.com.my/company/1100242182176768,Dataran Communication Sdn Bhd,,None,No
+603-51618045,https://www.hotfrog.com.my/company/1100240846458880,Impact-Power Hydraulics Sdn Bhd,,None,No
,https://www.hotfrog.com.my/company/1100242616696832,Chan Yit Lan @ Tan Ah Ran,,None
,https://www.hotfrog.com.my/company/1100242533183488,Chiam Trading Co,,None
,https://www.hotfrog.com.my/company/1100241908998144,Empire Prospect Sdn Bhd,,None
+603-56365176,https://www.hotfrog.com.my/company/1100243644379136,Akli (M) Sdn Bhd,,None,No
+603-78040370,https://www.hotfrog.com.my/company/1100243407736832,Asiatic (S.E.A) Kl Sdn Bhd,,None,No
+603-21422300,https://www.hotfrog.com.my/company/1100243504259072,Anv (M) Sdn Bhd,,None,No
,https://www.hotfrog.com.my/company/1100243975901184,A C Electrical,,None
,https://www.hotfrog.com.my/company/1100241646870528,Foh Hup Industries Sdn Bhd,,None
,https://www.hotfrog.com.my/company/1100244537483264,Powertronics Sdn Bhd,,None
+603-21453267,https://www.hotfrog.com.my/company/1100243502678016,Ap Telecommunications,,None,No
+603-40428015,https://www.hotfrog.com.my/company/1100243185094656,Beh Weng Hock,,None,No
+603-26939753,https://www.hotfrog.com.my/company/1100244139593728,S.A. Majeed & Co,,None,No
+603-31679324,https://www.hotfrog.com.my/company/1100243322208256,Az Communication Sdn Bhd,,None,No
+603-80759012,https://www.hotfrog.com.my/company/1100243769253888,Aero System Aviation Sdn Bhd,,None,No
,https://www.hotfrog.com.my/company/1100244315447296,Rational Trade Sdn Bhd,,None
,https://www.hotfrog.com.my/company/1100243530764288,Angkasa Teknik (M) Sdn Bhd,,None
+603-56331432,https://www.hotfrog.com.my/company/1100244145020928,S I I Malaysia Sdn Bhd,,None,No
+603-78054061,https://www.hotfrog.com.my/company/1100244450066432,Pumpen Sdn Bhd,,None,No
,https://www.hotfrog.com.my/company/1100245057089536,Ong Ong Kiong,,None
+603-21428315,https://www.hotfrog.com.my/company/1100245026422784,Otec Kmaj Sdn Bhd,,None,No
,https://www.hotfrog.com.my/company/1100244834566144,Pentronic Engineering Sdn Bhd,,None
+603-31916068,https://www.hotfrog.com.my/company/1100243478683648,Ara Borgstena Sdn Bhd,,None,No
+603-77812302,https://www.hotfrog.com.my/company/1100243475918848,Araya Enterprise,,None,No
+603-78047777,https://www.hotfrog.com.my/company/1100244056760320,Sanden Air Conditioning (M) Sdn Bhd,,None,No
+603-56322614,https://www.hotfrog.com.my/company/1100244397850624,Putra Binabangun Sdn Bhd,,None,No
,https://www.hotfrog.com.my/company/1100244858585088,Pemborong Mukhtarmad Sdn Bhd,,None
,https://www.hotfrog.com.my/company/1100243095261184,Bio-Tech Enterprise,,None
,https://www.hotfrog.com.my/company/1100243506692096,Antaratek Sdn Bhd,,None
+603-80765696,https://www.hotfrog.com.my/company/1100244028014592,Saujana Saintifik Sdn Bhd,,None,No
+603-92816313,https://www.hotfrog.com.my/company/1100243670749184,Air-Cond Experts Sales And Service Malaysia Sdn Bhd,,None,No
,https://www.hotfrog.com.my/company/1100245222649856,Ng Chon Cheah,,None
+603-22829360,https://www.hotfrog.com.my/company/1100243619426304,Alfin Oceans Sdn Bhd,,None,No
+603-92859858,https://www.hotfrog.com.my/company/1100243130994688,Bestec Telecommunication,,None,No
,https://www.hotfrog.com.my/company/1100243497926656,Applied Modular Automation (Penang) Sdn Bhd,,None
,https://www.hotfrog.com.my/company/1100238832611328,Sedako Sdn Bhd,,None
+603-62581644,https://www.hotfrog.com.my/company/1100239368437760,M P Industrial Corporation Sdn Bhd,,None,No
+603-92854898,https://www.hotfrog.com.my/company/1100238936846336,Modal Dinar (M) Sdn Bhd,,None,No
,https://www.hotfrog.com.my/company/1100243975823360,A C Marketing Sdn Bhd,,None
,https://www.hotfrog.com.my/company/1100239193788416,Man Electronics (M) Sdn Bhd,,None
,https://www.hotfrog.com.my/company/1100244452962304,Public Electronic,,None
,https://www.hotfrog.com.my/company/1100242972692480,C K Engineering Supply,,None
,https://www.hotfrog.com.my/company/1100242279579648,Cosmic Enterprise Sdn Bhd,,None
+603-92826868,https://www.hotfrog.com.my/company/1100244280287232,Renstep Electronics Engineering Sdn Bhd,,None,No
,https://www.hotfrog.com.my/company/1100237280858112,Vilka Enterprise,,None
+603-87369254,https://www.hotfrog.com.my/company/1100244310269952,Rcp Technologies Sdn Bhd,,None,No
,https://www.hotfrog.com.my/company/1100234020851712,RF MUSEN SDN BHD,"Sales and services wireless radio communication devices, batteries and accessories....",None
+603-80632998,https://www.hotfrog.com.my/company/1100232387153920,ARAS BAYU SDN.BHD.,"We are HVAC Contractor, Design, Installer and Trouble-Shooter for any kind of Heating, Ventilation and Air Conditioning...",None,No
+607-5908560,https://www.hotfrog.com.my/company/1100230100897792,SRI AMAAN WELDING & ENGINEERING WORKS,"Sri Amaan Welding & Engineering works started as an engineering trading company providing Welding, Fabrication, Industrial works,...",None,No
,https://www.hotfrog.com.my/company/1100238840508416,Motorola Technology Sdn Bhd,,None
,https://www.hotfrog.com.my/company/1100241584619520,Fuji Air Cond Trading,,None
+603-77279036,https://www.hotfrog.com.my/company/1100239906656256,L H Chan Medical Resources Sdn Bhd,,None,No
+603-87377886,https://www.hotfrog.com.my/company/1100240481001472,Kaa Communications Sdn Bhd,,None,No
+603-40421500,https://www.hotfrog.com.my/company/1100243153301504,Berjiwa Maju Sdn Bhd,,None,No
,https://www.hotfrog.com.my/company/1100243104534528,Bidor Agriculture & Hardware Company,,None
,https://www.hotfrog.com.my/company/1100236953366528,Yoong Kejuruteraan Hawa Dingin,,None
,https://www.hotfrog.com.my/company/1100236966502400,Yiondak Trading Sdn Bhd,,None
+603-87363323,https://www.hotfrog.com.my/company/1100236984721408,Yik Loong Electric Air Cond Refrigerator Services,,None,No
+603-22831855,https://www.hotfrog.com.my/company/1100237199196160,Warisan Timur Sdn Bhd,,None,No
+603-78777877,https://www.hotfrog.com.my/company/1100237283545088,Victron Trading Company,,None,Yes
+603-79833909,https://www.hotfrog.com.my/company/1100237246738432,Wae Engineering Sdn Bhd,,None,No
,https://www.hotfrog.com.my/company/1100237543493632,Tong Len Trading Sdn Bhd,,None
+603-61388524,https://www.hotfrog.com.my/company/1100238178045952,Syarikat Hock Seng Timber Preservers Sdn Bhd,,None,No
+603-20952528,https://www.hotfrog.com.my/company/1100237275856896,Viscell Sdn Bhd,,None,No
,https://www.hotfrog.com.my/company/1100238379556864,Stentex Sdn Bhd,,None
+603-79815211,https://www.hotfrog.com.my/company/1100237662494720,The Analytical Laboratory (M) Sdn Bhd,,None,No
,https://www.hotfrog.com.my/company/1100244420444160,Pusat Service Hawa Dingin Maju,,None
+603-77833322,https://www.hotfrog.com.my/company/1100244386406400,R & A Trading (Kuala Lumpur) Sdn Bhd,,None,No
,https://www.hotfrog.com.my/company/1100238636990464,Sin Chip Heng Industrial Gases,,None
+603-26916559,https://www.hotfrog.com.my/company/1100239019192320,Meteor Sound & Lighting System,,None,No
+603-40423921,https://www.hotfrog.com.my/company/1100238203461632,Syarikat Electrik Weng Huat,,None,No
,https://www.hotfrog.com.my/company/1100241080430592,Hock Fatt & Co,,None
+603-92223666,https://www.hotfrog.com.my/company/1100240507129856,K L Air Cond Parts Supply,,None,No
+603-31688999,https://www.hotfrog.com.my/company/1100239020572672,Metabuilt Sdn Bhd,,None,No
,https://www.hotfrog.com.my/company/1100239565492224,Leong Huat Farming Sdn Bhd,,None
+603-79837831,https://www.hotfrog.com.my/company/1100239587536896,Leon Telecommunication,,None,No
+603-56369633,https://www.hotfrog.com.my/company/1100242300829696,Cool Air Trading Sdn Bhd,,None,No
+603-56361388,https://www.hotfrog.com.my/company/1100238640836608,Sime Kubota Sdn Bhd,,None,No
+603-26929582,https://www.hotfrog.com.my/company/1100242186305536,Darshan Sports Centre,,None,No
+603-22601320,https://www.hotfrog.com.my/company/1100241356730368,Green & Smart Sdn Bhd,,None,No
+603-42946628,https://www.hotfrog.com.my/company/1100241555021824,G S Electronics,,None,No
,https://www.hotfrog.com.my/company/1100242098184192,Ditton Pneumatic Sdn Bhd,,None
,https://www.hotfrog.com.my/company/1100242147557376,Delta Letrik,,None
,https://www.hotfrog.com.my/company/1100241609555968,Framatome Connectors (M) Sdn Bhd,,None
+603-62753584,https://www.hotfrog.com.my/company/1100242890350592,Casinko (M) Sdn Bhd,,None,No
,https://www.hotfrog.com.my/company/1100243273039872,Bagusia Sdn Bhd,,None
,https://www.hotfrog.com.my/company/1100244565180416,Polybloom Kinta Sdn Bhd,,None
+603-78051273,https://www.hotfrog.com.my/company/1100244943249408,Pantai Maju Sdn Bhd,,None,No
,https://www.hotfrog.com.my/company/1100243832537088,Acatel Network System (M) Sdn Bhd,,None
,https://www.hotfrog.com.my/company/1100243749511168,Aftraco (Malaysia) Sdn Bhd,,None
,https://www.hotfrog.com.my/company/1100239291236352,Maintenance Engineering Co.,,None
+603-80242826,https://www.hotfrog.com.my/company/1100245087932416,Ocned Water Technology Sdn Bhd,,None,No
+603-92848383,https://www.hotfrog.com.my/company/1100245027004416,Osmania Technical Services Sdn Bhd,,None,No
+6012-2526667,https://www.hotfrog.com.my/company/1100236461989888,Orthocare Enterprise,"Orthocare. ""Just a call away"". Call us or even sms us, and we will callyou back. We will bring the catalogue straight to...",None,Yes
+603-26917354,https://www.hotfrog.com.my/company/1100242585632768,Chee Seng Co,,None,No
+603-62724323,https://www.hotfrog.com.my/company/1100237249282048,W I A Industries Sdn Bhd,,None,No
,https://www.hotfrog.com.my/company/1100236910366720,Yusof Electricon,,None
,https://www.hotfrog.com.my/company/1100237719584768,Tek Hin (Hup Kee) Electrical Sdn Bhd,,None
,https://www.hotfrog.com.my/company/1100243062984704,Boon Cheong Silkscreen Trading,,None
,https://www.hotfrog.com.my/company/1100244799102976,Permintex Industries Sdn Bhd,,None
,https://www.hotfrog.com.my/company/1100240621654016,Jerai Cooling Engineering Sdn Bhd,,None
,https://www.hotfrog.com.my/company/1100241353318400,Group Engineers Malaysia Sdn Bhd,,None
+603-33420288,https://www.hotfrog.com.my/company/1100241040429056,Hong Loong Heng Welding & Trading Company,,None,No
,https://www.hotfrog.com.my/company/1100240203628544,Kiara Intisari Sdn Bhd,,None
+603-92822822,https://www.hotfrog.com.my/company/1100245278457856,Nefion Communications Centre,,None,No
+603-92854851,https://www.hotfrog.com.my/company/1100240594436096,Jis System (M) Sdn Bhd,,None,No
+603-78763690,https://www.hotfrog.com.my/company/1100238468497408,Soundbase Trading,,None,No
+603-79572888,https://www.hotfrog.com.my/company/1100242091720704,Digiphonic Servis Sdn Bhd,,None,No
,https://www.hotfrog.com.my/company/1100240935407616,Hup Hing Engineering,,None
+603-20261281,https://www.hotfrog.com.my/company/1100241014456320,Hosiden Corporation (M) Sdn Bhd,,None,No
+603-92824584,https://www.hotfrog.com.my/company/1100244172349440,Rotek Water Systems Trading Sdn Bhd,,None,No
,https://www.hotfrog.com.my/company/1100243975778304,A C Supply Sdn Bhd,,None
+603-31672731,https://www.hotfrog.com.my/company/1100244138958848,S.C. Lim Air-Cond. Electrical Engineering Sdn Bhd,,None,No
+603-92839740,https://www.hotfrog.com.my/company/1100240089894912,Klinik Kita,,None,No
+6016-5828361,https://www.hotfrog.com.my/company/1100232320880640,Mustardseed Synergy,We are the specialist in Enterprise Communication Solution that helps every business to run their business more efficient as well...,None,Yes
+6012-9578411,https://www.hotfrog.com.my/company/1100234345947136,MediHealth Intertrade,,None,Yes
,https://www.hotfrog.com.my/company/1100239825121280,Leanson Tractors (Bw) Sdn Bhd,,None
+603-21422300,https://www.hotfrog.com.my/company/1100243977310208,A & V Sdn Bhd,,None,No
,https://www.hotfrog.com.my/company/1100238182162432,Syarikat Guan Chiong (Sarawak) Sdn Bhd,,None
+603-51923333,https://www.hotfrog.com.my/company/1100238991060992,Micron (M) Sdn Bhd,,None,No
+603-33235677,https://www.hotfrog.com.my/company/1100241219371008,Hc Material Supplies Sdn Bhd,,None,No
+603-56331578,https://www.hotfrog.com.my/company/1100242952638464,C. W. Tyre Service,,None,No
+603-55695514,https://www.hotfrog.com.my/company/1100242246934528,Cst Engineering Sdn Bhd,,None,No
+603-51220545,https://www.hotfrog.com.my/company/1100238443130880,Specom Engineering Sdn Bhd,,None,No
,https://www.hotfrog.com.my/company/1100242890547200,Casharvest Sdn Bhd,,None
,https://www.hotfrog.com.my/company/1100237342068736,Up-Up Trading,,None
+603-33427471,https://www.hotfrog.com.my/company/1100243727388672,Agihan Teknik Sdn Bhd,,None,No
,https://www.hotfrog.com.my/company/1100238501203968,Sony Audio Penang (M) Sdn Bhd,,None
+603-78453328,https://www.hotfrog.com.my/company/1100242030718976,Dynamic Pile Testing Sdn Bhd,,None,No
,https://www.hotfrog.com.my/company/1100238436085760,Sr Industrial Supplies Sdn Bhd,,None
,https://www.hotfrog.com.my/company/1100241811505152,Exclusive Telecommunication Sdn Bhd,,None
,https://www.hotfrog.com.my/company/1100238433521664,Sri Darulnaim Auto Air Cond Accessories,,None
+603-61852590,https://www.hotfrog.com.my/company/1100245330374656,Nahamat Trading Sdn Bhd,,None,No
+603-56374900,https://www.hotfrog.com.my/company/1100245120065536,Notable Communication Centre,,None,No
+6016-9214730,https://www.hotfrog.com.my/company/1100235934490624,PROSTECH SUPPLY AND SERVICES,"Prostech supply & service medical air plant,air compressor equipment,vacuum pump, industrial equipment, industrial bearing,...",None,Yes
,https://www.hotfrog.com.my/company/1100238778499072,Seng Huat,,None
,https://www.hotfrog.com.my/company/1100238289694720,Super Light Engineering Works,,None
,https://www.hotfrog.com.my/company/1100240046444544,Knaps Construction & Trading,,None
+603-40414871,https://www.hotfrog.com.my/company/1100238439604224,Spiral Marketing,,None,No
,https://www.hotfrog.com.my/company/1100238468304896,Source One Technology Sdn Bhd,,None
+603-78031888,https://www.hotfrog.com.my/company/1100241877245952,Envilab Sdn Bhd,,None,No
,https://www.hotfrog.com.my/company/1100240961298432,Huat Ming Enterprise Sdn Bhd,,None
+603-80653110,https://www.hotfrog.com.my/company/1100232423890944,Science Lab Asia SB,"SLA Biologix Sdn. Bhd., fully owned by Science Lab Asia Sdn. Bhd, has come to joint venture with a company of Biologix Group...",None,No
,https://www.hotfrog.com.my/company/1100236907757568,Zabia Sdn Bhd,,None
,https://www.hotfrog.com.my/company/1100245246226432,New Swiss Cool,,None
,https://www.hotfrog.com.my/company/1100245448269824,Ah Hian Motor Welding Workshop,,None
,https://www.hotfrog.com.my/company/1100238753398784,Seragam Bhd,,None
,https://www.hotfrog.com.my/company/1100239961718784,Ku Motor Welding Works,,None
,https://www.hotfrog.com.my/company/1100237602435072,Tht Audio World Enterprise,,None
,https://www.hotfrog.com.my/company/1100240321564672,Kee Welding & Iron Works,,None
+603-40457990,https://www.hotfrog.com.my/company/1100241441951744,Globe Bargains Sdn Bhd,,None,No
+603-40422666,https://www.hotfrog.com.my/company/1100241324875776,Gvc Karaoke Sdn Bhd,,None,No
+603-91714934,https://www.hotfrog.com.my/company/1100237483999232,Trillion Manufacturing Sdn Bhd,,None,No
+603-79812218,https://www.hotfrog.com.my/company/1100243293908992,B.A-E Trading Sdn Bhd,,None,No
+603-21457677,https://www.hotfrog.com.my/company/1100237099212800,Wong Kee Hong Electronic Sdn Bhd,,None,No
+603-40418298,https://www.hotfrog.com.my/company/1100244417269760,Pusat Video Service Lau Sdn Bhd,,None,No
+603-33236870,https://www.hotfrog.com.my/company/1100238588817408,Sinaran Emas Electronic Audio Sdn Bhd,,None,No
+603-92878686,https://www.hotfrog.com.my/company/1100244485255168,Pro-Ultra Sdn Bhd,,None,No
,https://www.hotfrog.com.my/company/1100239536267264,Lian Soon Machinery & Metal Works,,None
+603-90570154,https://www.hotfrog.com.my/company/1100237669560320,Tesgo Sdn Bhd,,None,No
,https://www.hotfrog.com.my/company/1100239598370816,Lee Tiong Air-Cond And Electrical Service Centre,,None
,https://www.hotfrog.com.my/company/1100239831240704,Le Engineering & Construction,,None
,https://www.hotfrog.com.my/company/1100245445709824,Alphaline Sdn Bhd,,None
+603-78772922,https://www.hotfrog.com.my/company/1100240126169088,Kingoya Enterprise Sdn Bhd,,None,No
+603-22849900,https://www.hotfrog.com.my/company/1100241814810624,Excel Worlwide Marketing Sdn Bhd,,None,No
+603-78762054,https://www.hotfrog.com.my/company/1100241468121088,Gibsion Air Conditioning & Trading Sdn Bhd,,None,No
+603-89457258,https://www.hotfrog.com.my/company/1100241794301952,Explorer Marine Centre Sdn Bhd,,None,No
,https://www.hotfrog.com.my/company/1100243099525120,Bincon Auto Accessories,,None
,https://www.hotfrog.com.my/company/1100242151923712,Dejia Machinery Sdn Bhd,,None
,https://www.hotfrog.com.my/company/1100243130359808,Besdeals Agencies,,None
,https://www.hotfrog.com.my/company/1100240091070464,Klinik Joe Fernandez,,None
+603-21446979,https://www.hotfrog.com.my/company/1100244030078976,Satelite Telecommunications Dealer,,None,No
+603-62721492,https://www.hotfrog.com.my/company/1100244064522240,Sam Electric Centre,,None,No
+603-61898945,https://www.hotfrog.com.my/company/1100243644276736/akmal-holdings-sdn-bhd/kuala-lumpur/food-and-beverages,Akmal Holdings Sdn Bhd,,None,No
+6019-2233286,https://www.hotfrog.com.my/company/1100235851882496,MKS ELECTRICAL ENGGINERING,"MKS ELECTRICAL ENGINEERIG Specialist in electrical ,supplyer product electric .networking product & services,Nec sistem...",None,No
+603-20733377,https://www.hotfrog.com.my/company/1100239134994432,Matrix Asia Resources,,None,No
,https://www.hotfrog.com.my/company/1100244533243904,Precicomp (M) Sdn Bhd,,None
+609-7483378,https://www.hotfrog.com.my/company/1100234018111488,Pilcon Refrigeration & Air Conditioning Sdn. Bhd.,"We provide sales and service for few branded of Air conditioning. Coldroom & showcases, display cabinet, glassdoor chiller and...",None,No
,https://www.hotfrog.com.my/company/1100242178256896,Daya Civicoms Sdn Bhd,,None
+603-76603399,https://www.hotfrog.com.my/company/1100243588866048,Alpha Executive Business Center (M) Sdn Bhd,,None,No
+603-56313497,https://www.hotfrog.com.my/company/1100239851651072,Latest Communications Sdn Bhd,,None,No
,https://www.hotfrog.com.my/company/1100245137866752,North Malaya Laboratory Sdn Bhd,,None
,https://www.hotfrog.com.my/company/1100245330128896,Nahkoda Yacht Charter,,None
,https://www.hotfrog.com.my/company/1100245418811392,Acexide Technology Sdn Bhd,,None
+6017-2393550,https://www.hotfrog.com.my/company/1100244780449792,Perniagaan Ariff Sdn Bhd,,None,Yes
+603-42965361,https://www.hotfrog.com.my/company/1100237913206784,T & D Consult Sdn Bhd,,None,No
+603-62571611,https://www.hotfrog.com.my/company/1100239163486208,Maruni Harness (M) Sdn Bhd,,None,No
+603-60924848,https://www.hotfrog.com.my/company/1100237494730752,Tractor Line Engineering Sdn Bhd,,None,No
,https://www.hotfrog.com.my/company/1100240668975104,Jasa Satria Corporation Sdn Bhd,,None
+603-62525609,https://www.hotfrog.com.my/company/1100240337522688,Kee Huat Crane Services,,None,No
,https://www.hotfrog.com.my/company/1100238730211328,Sew Engineering Sdn Bhd,,None
+603-91010676,https://www.hotfrog.com.my/company/1100238176874496,Syarikat Howah,,None,No
+603-56318388,https://www.hotfrog.com.my/company/1100241876459520,Envitech Sdn Bhd,,None,No
+603-77297248,https://www.hotfrog.com.my/company/1100241495486464,Geninco (M) Sdn Bhd,,None,No
+603-91315276,https://www.hotfrog.com.my/company/1100242373763072,City Enterprise,,None,No
+603-32910924,https://www.hotfrog.com.my/company/1100237131358208,Wing Hing Air-Cond Engineering,,None,No
,https://www.hotfrog.com.my/company/1100237749682176,Techment Consultancy,,None
+603-61564356,https://www.hotfrog.com.my/company/1100237161238528,Wenicon Engineering & Trading Sdn Bhd,,None,No
,https://www.hotfrog.com.my/company/1100238232834048,Syarikat Azmir Engineering Sdn Bhd,,None
+603-60924848,https://www.hotfrog.com.my/company/1100237494702080,Tractor-Line Industries Sdn Bhd,,None,No
+603-51927577,https://www.hotfrog.com.my/company/1100238262718464,Sutrak (M) Sdn Bhd,,None,No
+603-31765034,https://www.hotfrog.com.my/company/1100237911953408,T C Electronics Sdn Bhd,,None,No
,https://www.hotfrog.com.my/company/1100244890337280,Pcr Weld Supplies Sdn Bhd,,None
+603-42961668,https://www.hotfrog.com.my/company/1100237489942528,Transfield (M) Sdn Bhd,,None,No
,https://www.hotfrog.com.my/company/1100244568334336,Poliklinik Mutiara,,None
+603-56347882,https://www.hotfrog.com.my/company/1100245054164992,Ontreal (M) Sdn Bhd,,None,No
+603-80626648,https://www.hotfrog.com.my/company/1100244998213632,Pace Teknikal Sistem Sdn Bhd,,None,No
,https://www.hotfrog.com.my/company/1100240531103744,Jurusistem M E E,,None
+603-62736189,https://www.hotfrog.com.my/company/1100240120160256,Kj Building Services,,None,No
+603-77834255,https://www.hotfrog.com.my/company/1100239376650240,Luen Hup Seng Paint Sdn Bhd,,None,No
,https://www.hotfrog.com.my/company/1100239375228928,Lumut International Yacht Club,,None
+603-79837433,https://www.hotfrog.com.my/company/1100238182793216,Syarikat Golden Bright Sdn Bhd,,None,No
+603-42934212,https://www.hotfrog.com.my/company/1100240185368576,Kien Lik Heavy Duty Crane Service,,None,No
,https://www.hotfrog.com.my/company/1100240965398528,Hua Lian Electrical Service Company,,None
+603-62726598,https://www.hotfrog.com.my/company/1100239070081024,Megamas Sdn Bhd,,None,No
+603-42921413,https://www.hotfrog.com.my/company/1100241221931008,Hawa Dingin Kereta Cheong Kong,,None,No
+603-77812061,https://www.hotfrog.com.my/company/1100240471433216,Kam Leong Auto Work,,None,No
+603-40424002,https://www.hotfrog.com.my/company/1100240907276288,Hwee Lee Engineering (M) Sdn Bhd,,None,No
+603-90577652,https://www.hotfrog.com.my/company/1100242213011456,Dai-An Crane Services Sdn Bhd,,None,No
+603-22822250,https://www.hotfrog.com.my/company/1100242093445120,Dicklin Sdn Bhd,,None,No
,https://www.hotfrog.com.my/company/1100240183488512,Kilang Amang Onn Sdn Bhd,,None
+603-51925019,https://www.hotfrog.com.my/company/1100242245373952,Cts Industries Sdn Bhd,,None,No
+603-56311286,https://www.hotfrog.com.my/company/1100242392006656,Cito Petroleum (M) Sdn Bhd,,None,No
+603-62534800,https://www.hotfrog.com.my/company/1100241909567488,Emmatec Hygiene System,,None,No
+603-62532600,https://www.hotfrog.com.my/company/1100241430380544,Gold Universal Maintenance Sdn Bhd,,None,No
+603-78743066,https://www.hotfrog.com.my/company/1100241638588416,Fook Soon Trading Co.,,None,No
+603-26972611,https://www.hotfrog.com.my/company/1100243128844288,Best Denki Malaysia Sdn Bhd,,None,No
,https://www.hotfrog.com.my/company/1100242308235264,Con Forms Asia Sdn Bhd,,None
+603-33424724,https://www.hotfrog.com.my/company/1100242586914816,Chee Kiang Crane Service,,None,No
+603-91322700,https://www.hotfrog.com.my/company/1100244059140096,Samwai Air Conditioning Trading,,None,No
,https://www.hotfrog.com.my/company/1100244857778176,Pen Winston Electrical Engineering Sdn Bhd,,None
+603-79833993,https://www.hotfrog.com.my/company/1100245085827072,Og Air-Conditioners & Electrical Service Sdn Bhd,,None,No
+603-77812322,https://www.hotfrog.com.my/company/1100244536811520,Ppg Coatings (M) Sdn Bhd,,None,No
+603-56338477,https://www.hotfrog.com.my/company/1100244514103296,Premierwest Engineering Sdn Bhd,,None,No
,https://www.hotfrog.com.my/company/1100244170674176,Royal Langkawi Yacht Club,,None
,https://www.hotfrog.com.my/company/1100244394721280,Quinform Sdn Bhd,,None
+603-22834554,https://www.hotfrog.com.my/company/1100244421648384,Pusat Perubatan Arniaga,,None,No
+603-42706632,https://www.hotfrog.com.my/company/1100245304590336,Narsco Trading Sdn Bhd,,None,No
+603-56331770,https://www.hotfrog.com.my/company/1100245169508352,Nishio Rent All (M) Sdn Bhd,,None,No
+603-56336549,https://www.hotfrog.com.my/company/1100238672433152,Shoon Lee Air Condition Engineering Sdn Bhd,,None,No
,https://www.hotfrog.com.my/company/1100237887832064,Tac Air Engineering Sdn Bhd,,None
+603-79807186,https://www.hotfrog.com.my/company/1100245446606848,Alpac (M) Sdn Bhd,"The Waterworks/Alpac Group of Companies is wholly owned subsidiary of Waterworks Technologies Inc., a leading environmental...",None,No
,https://www.hotfrog.com.my/company/1100238693617664,Shi Ming Trading,,None
+6016-3260853,https://www.hotfrog.com.my/company/1100231954690048,Argent Service,"We expert in repair of electrical and electronic. We also able to repair electrical equipment, service and install...",None,Yes
,https://www.hotfrog.com.my/company/1100241442045952,Globe Air-Conditioning & Refrigeration Engineering,,None
+603-78054505,https://www.hotfrog.com.my/company/1100233846378496,Best Healthcare Services Sdn Bhd,,None,No
+6012-3776609,https://www.hotfrog.com.my/company/1100234347708416,G TIMBER RESOURCES (TR0097563-M),,None,No
,https://www.hotfrog.com.my/company/1100234355228672,QUINCY MARINE ENGINEERING (M) SDN BHD,"Marine Repairs, Marine Engineering, Ship Repairs & Service...",None
+6019-2214470,https://www.hotfrog.com.my/company/1100234977832960,Electrical Wiring installation for House/Shops/Offices,We Terahomes Enterprise specialized in all types of Electrical Wiring and Installation. We provided services such as below:1....,None,Yes
+603-20787822,https://www.hotfrog.com.my/company/1100244753940480,Perniagaan Miktronics,,None,No
+603-51216570,https://www.hotfrog.com.my/company/1100244175368192,Roshen Kimia Sdn Bhd,,None,No
,https://www.hotfrog.com.my/company/1100244994846720,Pacific Peninsula Textiles Sdn Bhd,,None
,https://www.hotfrog.com.my/company/1100245001269248,P.C. Loo Sdn Bhd,,None
,https://www.hotfrog.com.my/company/1100239070187520,Megaluck Corporation Sdn Bhd,,None
+603-50329288,https://www.hotfrog.com.my/company/1100244448956416,Pure Fishing Malaysia Sdn Bhd,,None,No
,https://www.hotfrog.com.my/company/1100245216264192,Ng Tu Koi @ Ng Hor San,,None
,https://www.hotfrog.com.my/company/1100245448302592,Ah Hai Timber Sdn Bhd,,None
,https://www.hotfrog.com.my/company/1100240237043712,Khaisen Engineering & Services,"Naipu is specialized in the manufacture and sales of slurry pump and pump parts, especially the design and manufacture of products...",None
,https://www.hotfrog.com.my/company/1100245120016384,Nothern Telecom Malaysia Sdn Bhd,,None
+603-80231270,https://www.hotfrog.com.my/company/1100244774301696,Perniagaan Jama Jaya,,None,No
,https://www.hotfrog.com.my/company/1100244627333120,Pgn Yong Hui,,None
,https://www.hotfrog.com.my/company/1100244840206336,Penfibre Sdn Bhd,,None
,https://www.hotfrog.com.my/company/1100244892975104,Pawcon Engineering Sdn Bhd,,None
+603-87365430,https://www.hotfrog.com.my/company/1100244775653376,Perniagaan Hawa Dingin & Aksesori Jaya,,None,No
+603-74926307,https://www.hotfrog.com.my/company/1100244394389504,Pyramid Megalanes,,None,No
,https://www.hotfrog.com.my/company/1100244965105664,Panacom Sales & Services (North) Sdn Bhd,,None
,https://www.hotfrog.com.my/company/1100245332172800,Nagakota Sdn Bhd,,None
+603-78766622,https://www.hotfrog.com.my/company/1100245333188608,Nafas Bajakimia Sdn Bhd,,None,No
+603-40418833,https://www.hotfrog.com.my/company/1100245190541312,Ngoh Kiong Co Sdn Bhd,,None,No
,https://www.hotfrog.com.my/company/1100245414129664,Mu Jin @ Ooi Mui Jin,,None
,https://www.hotfrog.com.my/company/1100240091643904,Klinik Hisham,,None
,https://www.hotfrog.com.my/company/1100245247492096,New Sankyo Enterprise,,None
+6017-3100112,https://www.hotfrog.com.my/company/1100236465233920,I & H Resources,"I H Resources was registered in 2007, to distribute and supply Medical Disposable Items, Medical Equipment and Stationeries...",None,No
,https://www.hotfrog.com.my/company/1100244449914880,Pumpwell Engineering & Trading Co,,None
+603-92212217,https://www.hotfrog.com.my/company/1100237048438784,Y & Y Sdn Bhd,,None,No
,https://www.hotfrog.com.my/company/1100237891395584,T.I.P.P. (M) Sdn Bhd,,None
,https://www.hotfrog.com.my/company/1100237105295360,Wmt Machinery Trading Sdn Bhd,,None
,https://www.hotfrog.com.my/company/1100238179160064,Syarikat Hing Thai,,None
+603-92858769,https://www.hotfrog.com.my/company/1100237743824896,Tecnic Air Conditioning (M) Sdn Bhd,,None,No
+603-61888890,https://www.hotfrog.com.my/company/1100238383992832,Starmax Air Conditioner,,None,No
+603-62575559,https://www.hotfrog.com.my/company/1100237045911552,Y.S. Tan Hois Ting Sdn Bhd,,None,No
,https://www.hotfrog.com.my/company/1100237524971520,Tongkang Trading Company,,None
,https://www.hotfrog.com.my/company/1100237806878720,Tan Soo Liang,,None
+603-62727122,https://www.hotfrog.com.my/company/1100238264705024,Suriatex Industries Sdn Bhd,,None,No
+603-33431355,https://www.hotfrog.com.my/company/1100238372257792,String Fax (M) Sdn Bhd,,None,No
+603-31974218,https://www.hotfrog.com.my/company/1100238617485312,Sin Ho Seng Sdn Bhd,,None,No
+603-62535811,https://www.hotfrog.com.my/company/1100240209002496,Kian Chuan Trading Company,,None,No
+603-74941229,https://www.hotfrog.com.my/company/1100231159201792,Bandwork Gps Solutions,Surveying Equipments Supplier Malaysia | GNSS GPS Navigation System Malaysia...,None,No
,https://www.hotfrog.com.my/company/1100241040695296,Hong Liong Sdn Bhd,,None
+603-79844415,https://www.hotfrog.com.my/company/1100239130841088,Maxim Harvest Sdn Bhd,,None,No
,https://www.hotfrog.com.my/company/1100240530448384,Jurutera Perunding Kinakota Sdn Bhd,,None
,https://www.hotfrog.com.my/company/1100240474951680,Kai Nguong Nursery(Syarikat Kai Nguong Nursery (M) Sdn Bhd),,None
+603-40428853,https://www.hotfrog.com.my/company/1100239448334336,Lks Precast Industries Sdn Bhd,,None,No
+603-32509987,https://www.hotfrog.com.my/company/1100239455186944,Liou Shiang Shieh Enterprise,,None,No
,https://www.hotfrog.com.my/company/1100239321702400,Maga Textiles (M) Sdn Bhd,,None
+603-92828687,https://www.hotfrog.com.my/company/1100239166005248,Mark Target (M) Sdn Bhd,,None,No
,https://www.hotfrog.com.my/company/1100239077908480,Mediquip Sdn Bhd,,None
,https://www.hotfrog.com.my/company/1100240956272640,Hung Ta Instrument (M) Sdn Bhd,,None
+603-78037587,https://www.hotfrog.com.my/company/1100239570300928,Lew Hydraulic Seal Supply Co,,None,No
+603-26929214,https://www.hotfrog.com.my/company/1100240151351296,Kimatrai'S Malaysia Sdn Bhd,,None,No
+603-31763614,https://www.hotfrog.com.my/company/1100240776613888,Intrasia Sdn Bhd,,None,No
+603-92214125,https://www.hotfrog.com.my/company/1100240505806848,K P M Niaga Sdn Bhd,,None,No
+603-40437361,https://www.hotfrog.com.my/company/1100240445235200,Kaoyang & Sons Trading Sdn Bhd,,None,No
,https://www.hotfrog.com.my/company/1100239341654016,Macroe Sdn Bhd,,None
,https://www.hotfrog.com.my/company/1100240871559168,Ikaf Letrik Sdn Bhd,,None
,https://www.hotfrog.com.my/company/1100240981479424,Hua Lee Sawmill Sdn Bhd,,None
+603-79812278,https://www.hotfrog.com.my/company/1100240965173248,Hua May Nursery,,None,No
+603-20788425,https://www.hotfrog.com.my/company/1100241045897216,Hong Bee Textile,,None,No
,https://www.hotfrog.com.my/company/1100239186546688,Mar Tek Marble Industries,,None
,https://www.hotfrog.com.my/company/1100240291373056,Kelinik Rakyat Dan Hospital Bersalin,,None
+603-62732944,https://www.hotfrog.com.my/company/1100240128946176,Kinectic Resources Sdn Bhd,,None,No
+603-79825322,https://www.hotfrog.com.my/company/1100240500236288,K.J. Technology Sdn Bhd,,None,No
,https://www.hotfrog.com.my/company/1100238671310848,Shuan Hong Sdn Bhd,,None
,https://www.hotfrog.com.my/company/1100240613830656,Jimmy Textile,,None
+603-42935840,https://www.hotfrog.com.my/company/1100240091545600,"Klinik Hong, Lee & Yap",,None,No
,https://www.hotfrog.com.my/company/1100240091664384,Klinik Hikmah,,None
,https://www.hotfrog.com.my/company/1100241706213376,Femac Engineering Sdn Bhd,,None
+603-32912802,https://www.hotfrog.com.my/company/1100241019408384,Hoo Leong Sawmill Sdn Bhd,,None,No
+603-89611251,https://www.hotfrog.com.my/company/1100241701011456,Fikentex (M) Sdn Bhd,,None,No
,https://www.hotfrog.com.my/company/1100241582448640,Fujitsu Limited,,None
+603-92811425,https://www.hotfrog.com.my/company/1100241823637504,Eurotech Purewater Systems Sdn Bhd,,None,No
,https://www.hotfrog.com.my/company/1100241301037056,Habibah Enterprise Sdn Bhd,,None
,https://www.hotfrog.com.my/company/1100242430316544,Chop Wah Cheong,,None
+603-91014218,https://www.hotfrog.com.my/company/1100237107519488,Wirasurf Technologies Sdn Bhd,,None,No
+603-56363910,https://www.hotfrog.com.my/company/1100243128520704,Best Lindetevers Waste System Sdn Bhd,,None,No
+603-77826930,https://www.hotfrog.com.my/company/1100241584812032,Fui Sun Garden,,None,No
+603-62733767,https://www.hotfrog.com.my/company/1100242955661312,C M D Services (M) Sdn Bhd,,None,No
+603-78772966,https://www.hotfrog.com.my/company/1100242866720768,Cemerlang Telecommunication Enterprise,,None,No
+603-26927033,https://www.hotfrog.com.my/company/1100242033954816,Dyalchands Jaya Sdn Bhd,,None,No
,https://www.hotfrog.com.my/company/1100243246882816,Ban Guan Trading Co,,None
+603-87395923,https://www.hotfrog.com.my/company/1100242946506752,Cable Line Electrical & Engineering Sdn Bhd,,None,No
+603-87236806,https://www.hotfrog.com.my/company/1100243326300160,Awan Angkasa Sdn Bhd,,None,No
,https://www.hotfrog.com.my/company/1100236992815104,Yeoh Kok Eng Sawmill Sdn Bhd,,None
,https://www.hotfrog.com.my/company/1100242976833536,C & L Cleaning Enterprise,,None
,https://www.hotfrog.com.my/company/1100236994580480,Yeng Ming Wooden Material Industry,,None
,https://www.hotfrog.com.my/company/1100243556401152,Amtrack (M) Sdn Bhd,,None
+603-92858792,https://www.hotfrog.com.my/company/1100237021196288,Yap Trading & Co,,None,No
,https://www.hotfrog.com.my/company/1100243975925760,A C Electric,,None
+603-40235484,https://www.hotfrog.com.my/company/1100237464289280,Tropical Audio (M) Sdn Bhd,,None,No
,https://www.hotfrog.com.my/company/1100237751586816,Teamforce Engineering,,None
,https://www.hotfrog.com.my/company/1100238070853632,Syarikat Perniagaan Chuan Hong,,None
,https://www.hotfrog.com.my/company/1100237913997312,Syuen Batik Marble Sdn Bhd,,None
+603-20722596,https://www.hotfrog.com.my/company/1100237313363968,Van Seng Trading Sdn Bhd,,None,No
+603-87238918,https://www.hotfrog.com.my/company/1100238068535296,Syarikat Perniagaan Hew,,None,No
+603-78038689,https://www.hotfrog.com.my/company/1100237102108672,Wong Chee Tong,,None,No
+603-41435055,https://www.hotfrog.com.my/company/1100237547339776,Tom'S Crane (M) Sdn Bhd,,None,No
+603-26933853,https://www.hotfrog.com.my/company/1100237280047104,Vimla Textiles,,None,No
,https://www.hotfrog.com.my/company/1100237302128640,Victoria Engineering,,None
+603-92810503,https://www.hotfrog.com.my/company/1100237492310016,Traneat Electronic (M) Sdn Bhd,,None,No
,https://www.hotfrog.com.my/company/1100237584879616,Thye Ye Industrial Sdn Bhd,,None
+603-33741934,https://www.hotfrog.com.my/company/1100243724353536,Agroprise Sdn Bhd,,None,No
,https://www.hotfrog.com.my/company/1100237162606592,Weng Seng Textile Sdn Bhd,,None
,https://www.hotfrog.com.my/company/1100243420053504,Asean Bintulu Fertilizer Sdn Bhd,,None
+603-79832020,https://www.hotfrog.com.my/company/1100237991448576,Syarikat Tan Boon Ming,,None,No
+603-92816605,https://www.hotfrog.com.my/company/1100237199712256,Warga Indah (M) Sdn Bhd,,None,No
,https://www.hotfrog.com.my/company/1100237521858560,Top Green Trading (Drg Top Green (M) Sdn Bhd),,None
+603-55102872,https://www.hotfrog.com.my/company/1100243802439680,Adcomat (M) Sdn Bhd,,None,No
,https://www.hotfrog.com.my/company/1100237133127680,Winbright (M) Sdn Bhd,,None
+603-31911214,https://www.hotfrog.com.my/company/1100243416317952,Asia Fertiliser Manufacture,,None,No
+603-56358472,https://www.hotfrog.com.my/company/1100237254606848,Vitapro (M) Sdn Bhd,,None,No
+603-78032392,https://www.hotfrog.com.my/company/1100237339471872,Usaha Jaya Kejuruteraan Letrik Sdn Bhd,,None,No
,https://www.hotfrog.com.my/company/1100237694111744,Teng Wai Sdn Bhd,,None
,https://www.hotfrog.com.my/company/1100238383190016,Stately Billion (M) Sdn Bhd,,None
,https://www.hotfrog.com.my/company/1100237725442048,Tee-Up,,None
,https://www.hotfrog.com.my/company/1100238643703808,Sim Huat Woodworking Industry,,None
+603-92213095,https://www.hotfrog.com.my/company/1100237964525568,Syarikat Yew Machinery Supply,,None,No
,https://www.hotfrog.com.my/company/1100244969451520,Palm-Mech Engineering Sdn Bhd,,None
,https://www.hotfrog.com.my/company/1100238675451904,Shing King Ind. (M) Sdn Bhd,,None
+603-62720998,https://www.hotfrog.com.my/company/1100237748854784,Technicvest Sdn Bhd,,None,No
+603-62763686,https://www.hotfrog.com.my/company/1100237743976448,Teck Woh Electrical Engineering,,None,No
+603-62528641,https://www.hotfrog.com.my/company/1100237314547712,Valencia Aviation Services,,None,No
+603-92743394,https://www.hotfrog.com.my/company/1100238051844096,Syarikat Perniagaan Kelapa Sawit Jaya,,None,No
+603-32413235,https://www.hotfrog.com.my/company/1100244774875136,Perniagaan Ikan Hup Seng,,None,No
+603-31683028,https://www.hotfrog.com.my/company/1100238100430848,Syarikat Mosalek Sdn Bhd,,None,No
,https://www.hotfrog.com.my/company/1100238099804160,Syarikat Motor Leong,,None
+603-26929740,https://www.hotfrog.com.my/company/1100238153584640,Syarikat Kasthuri Palayakat,,None,No
+603-33423433,https://www.hotfrog.com.my/company/1100245112442880,Nusa Concrete Machinery Sdn Bhd,,None,No
+603-32243108,https://www.hotfrog.com.my/company/1100238378618880,Sterling Integrated Sdn Bhd,,None,No
,https://www.hotfrog.com.my/company/1100238201397248,Syarikat Engineering & Elect Sdn Bhd(Syarikat Engrg & Elect,,None
,https://www.hotfrog.com.my/company/1100237521833984,Top Green Trading(Drg Top Green (M) Sdn Bhd),,None
+603-92832025,https://www.hotfrog.com.my/company/1100238527340544,Smm Supplies (M) Sdn Bhd,,None,No
,https://www.hotfrog.com.my/company/1100238025482240,Syarikat Perniagaan Wing Lee,,None
+603-79803188,https://www.hotfrog.com.my/company/1100238314676224,Sunlight Telecommunication Sdn Bhd,,None,No
+603-61561562,https://www.hotfrog.com.my/company/1100238152785920,Syarikat Kebun Bunga Ann Loke,,None,No
,https://www.hotfrog.com.my/company/1100237333893120,V'Heng Sdn Bhd,,None
+603-62722875,https://www.hotfrog.com.my/company/1100244287950848,Regalscope Sdn Bhd,,None,No
,https://www.hotfrog.com.my/company/1100238072709120,Syarikat Perniagaan Ban Fatt,,None
+603-74926307,https://www.hotfrog.com.my/company/1100244397039616,Pyramid Bowl Sdn Bhd,,None,No
+603-62513504,https://www.hotfrog.com.my/company/1100238350041088,Suee Hong Engineering (M) Sdn Bhd,,None,No
,https://www.hotfrog.com.my/company/1100238347202560,Sukma Rinting Sdn Bhd,,None
,https://www.hotfrog.com.my/company/1100244424622080,Pusat Membekal Pekebunan & Kegemaran New,,None
,https://www.hotfrog.com.my/company/1100237921533952,Sykt Polai Quarry & Marble Industries Snd Bhd,,None
,https://www.hotfrog.com.my/company/1100237756325888,Tay Yong Lee Sdn Bhd,,None
,https://www.hotfrog.com.my/company/1100239186096128,Marbella Sdn Bhd,,None
+603-55193700,https://www.hotfrog.com.my/company/1100238264524800,Surina Nursery,,None,No
+603-40228596,https://www.hotfrog.com.my/company/1100239566221312,Leong Foo Yew Tractor Works,,None,No
+603-91735449,https://www.hotfrog.com.my/company/1100239905878016,L P Label & Printing Sdn Bhd,,None,No
,https://www.hotfrog.com.my/company/1100239876038656,Lam Ah Co Sdn Bhd,,None
,https://www.hotfrog.com.my/company/1100240928403456,Hup Yeah Co,,None
+603-79588843,https://www.hotfrog.com.my/company/1100240964362240,Hua Tim Aik,,None,No
+603-21415975,https://www.hotfrog.com.my/company/1100240987418624,Hp Service,,None,No
+603-80616979,https://www.hotfrog.com.my/company/1100238318833664,Sun-Tech Engineering & Trading,,None,No
,https://www.hotfrog.com.my/company/1100238229471232,Syarikat Bigfill Sdn Bhd,,None
,https://www.hotfrog.com.my/company/1100239486971904,Lim Hong Ngee Sdn Bhd,,None
,https://www.hotfrog.com.my/company/1100240265908224,Kenso Golden Goose(M)Sdn Bhd,,None
,https://www.hotfrog.com.my/company/1100239294210048,Mahsing Textile Industries Bhd,,None
+603-31689359,https://www.hotfrog.com.my/company/1100239129645056,Maxiyield Trading Co,,None,No
,https://www.hotfrog.com.my/company/1100240231292928,Khidmat Teknik & Bekalan Kelantan,,None
+603-92846810,https://www.hotfrog.com.my/company/1100240780185600,Interpadu Sdn Bhd,,None,No
+603-90587053,https://www.hotfrog.com.my/company/1100238437163008,Spring Pile Geotechnics Sdn Bhd,,None,No
+603-55108869,https://www.hotfrog.com.my/company/1100239317807104,Magprom Sdn Bhd,,None,No
,https://www.hotfrog.com.my/company/1100240180822016,Kilang Papan Mas Sdn Bhd,,None
,https://www.hotfrog.com.my/company/1100238636089344,Sin Fatt Industrial Company Sdn Bhd,,None
+603-62575770,https://www.hotfrog.com.my/company/1100238841753600,Motion Tech Sdn Bhd,,None,No
+603-77814646,https://www.hotfrog.com.my/company/1100238993379328,Michelin Sime Aircraft Tyre Co Sdn Bhd,,None,No
+603-62505830,https://www.hotfrog.com.my/company/1100240778432512,Intipreneur Sdn Bhd,,None,No
+603-26918671,https://www.hotfrog.com.my/company/1100238953394176,Ml Vijay Sdn Bhd,,None,No
,https://www.hotfrog.com.my/company/1100238776557568,Seng Leong Industries (M) Sdn Bhd,,None
,https://www.hotfrog.com.my/company/1100240180776960,Kilang Papan Murad Sdn Bhd,,None
,https://www.hotfrog.com.my/company/1100240641994752,Jean'S City,,None
,https://www.hotfrog.com.my/company/1100239053955072,Megaprima (M) Sdn Bhd,,None
,https://www.hotfrog.com.my/company/1100240932466688,Hup Lee Sawmill Sdn Bhd,,None
+603-61884414,https://www.hotfrog.com.my/company/1100238783602688,Semuga Sdn Bhd,,None,No
+603-42925009,https://www.hotfrog.com.my/company/1100239130271744,Maximful Tractor Services,,None,No
,https://www.hotfrog.com.my/company/1100240123293696,Kintak Electric Sdn Bhd,,None
,https://www.hotfrog.com.my/company/1100240721592320,J P Emas Services,,None
,https://www.hotfrog.com.my/company/1100240869179392,Iktismel-Asasi Engineering Sdn Bhd,,None
,https://www.hotfrog.com.my/company/1100239268052992,Mak Mun Kong,,None
,https://www.hotfrog.com.my/company/1100239562526720,Leong Yew Textile Sdn Bhd,,None
,https://www.hotfrog.com.my/company/1100240091770880,Klinik Hardip,,None
,https://www.hotfrog.com.my/company/1100239451045888,Liu Shin Cutters (M) Sdn Bhd,,None
,https://www.hotfrog.com.my/company/1100239558578176,Lian Fatt Amalgamated Sdn Bhd,,None
,https://www.hotfrog.com.my/company/1100240180723712,Kilang Papan Pulau Sebang Sdn Bhd,,None
+603-87686627,https://www.hotfrog.com.my/company/1100240623030272,Jenderam Farm & Realty Sdn Bhd,,None,No
+603-74607878,https://www.hotfrog.com.my/company/1100240905883648,Hydro Agromate Holdings Sdn Bhd,,None,No
,https://www.hotfrog.com.my/company/1100241353629696,Grofields Sdn Bhd,,None
,https://www.hotfrog.com.my/company/1100240981508096,Hua Lee Holdings Bhd,,None
,https://www.hotfrog.com.my/company/1100241610207232,Fpm Sdn Bhd,,None
,https://www.hotfrog.com.my/company/1100241413062656,Golden City Textile,,None
,https://www.hotfrog.com.my/company/1100242185076736,Dashing Sdn Bhd,,None
+603-80622465,https://www.hotfrog.com.my/company/1100242035380224,Durasiv (M) Sdn Bhd(Durasiv (Malaysia) Sdn Bhd),,None,No
,https://www.hotfrog.com.my/company/1100241943220224,Eksons Corporation Bhd,,None
+603-61858033,https://www.hotfrog.com.my/company/1100241583353856,Fujiaire (M) Sdn Bhd,,None,No
+603-61563061,https://www.hotfrog.com.my/company/1100241153081344,Highland Enterprise,,None,No
,https://www.hotfrog.com.my/company/1100243186782208,Bee View(Bros)Nursery Sdn Bhd,,None
+603-77290888,https://www.hotfrog.com.my/company/1100243386613760,Associated Group (Cnl) Sdn Bhd,,None,No
+603-80622465,https://www.hotfrog.com.my/company/1100242035400704,Durasiv (M) Sdn Bhd (Durasiv (Malaysia) Sdn Bhd),,None,No
,https://www.hotfrog.com.my/company/1100241588629504,Frigair Sdn Bhd,,None
+603-78774706,https://www.hotfrog.com.my/company/1100242176397312,Dayang Cond Systems Sdn Bhd,,None,No
,https://www.hotfrog.com.my/company/1100243247833088,Ban Foh Bros Company,,None
+603-79587929,https://www.hotfrog.com.my/company/1100242582757376,Chemfert Sdn Bhd,,None,No
,https://www.hotfrog.com.my/company/1100240961060864,Huat Seng Seng Kee,,None
,https://www.hotfrog.com.my/company/1100241243140096,Harvestpoint Fertilizer Sdn Bhd,,None
,https://www.hotfrog.com.my/company/1100241194082304,Heng Guan Enterprise,,None
,https://www.hotfrog.com.my/company/1100241933766656,Elitemac Resources Sdn Bhd,,None
,https://www.hotfrog.com.my/company/1100241297022976,Hai Huat Chop,,None
+603-26914807,https://www.hotfrog.com.my/company/1100242185670656,Daryung Corporation (M) Sdn Bhd,,None,No
,https://www.hotfrog.com.my/company/1100243122831360,Bh Electronics Sdn Bhd,,None
+603-61562766,https://www.hotfrog.com.my/company/1100241820160000,Evergreen Trading & Nursery,,None,No
+603-42923331,https://www.hotfrog.com.my/company/1100242300342272,Cooling Point (M & E) Sdn Bhd,,None,No
,https://www.hotfrog.com.my/company/1100241374576640,Great Performance Sdn Bhd,,None
,https://www.hotfrog.com.my/company/1100242145861632,Deluxe Wood Products (M) Sdn Bhd,,None
+603-33242155,https://www.hotfrog.com.my/company/1100242150277120,Delima Communication Services Sdn Bhd,,None,No
,https://www.hotfrog.com.my/company/1100241944469504,Ek Fatt Enterprise,,None
,https://www.hotfrog.com.my/company/1100241040728064,Hong Lim Trading,,None
,https://www.hotfrog.com.my/company/1100241877970944,Enter Link Telecommunication Enterprise,,None
,https://www.hotfrog.com.my/company/1100240986120192,Hs Textiles Sdn Bhd,,None
,https://www.hotfrog.com.my/company/1100243290083328,Bacom Enterprise Sdn Bhd,,None
+603-31761466,https://www.hotfrog.com.my/company/1100242889621504,Castall Sdn Bhd,,None,No
,https://www.hotfrog.com.my/company/1100244507422720,Primeknit Sdn Bhd,,None
+603-62753179,https://www.hotfrog.com.my/company/1100243854131200,Abs Bowling Sdn Bhd,,None,No
,https://www.hotfrog.com.my/company/1100243651055616,Ajensi Benaz Sdn Bhd,,None
,https://www.hotfrog.com.my/company/1100243238211584,Baneng Industries Sdn Bhd,,None
,https://www.hotfrog.com.my/company/1100243499167744,Apple Binding (M) Sdn Bhd,,None
+603-56339733,https://www.hotfrog.com.my/company/1100243855634432,Abm Plastic Industries (M) Sdn Bhd,,None,No
,https://www.hotfrog.com.my/company/1100245029998592,Orion Marine Sdn Bhd,,None
+603-56320495,https://www.hotfrog.com.my/company/1100244038885376,Sanko Engineering (M) Sdn Bhd,,None,No
,https://www.hotfrog.com.my/company/1100243388694528,Aspine Cellular Accessories,,None
+603-78742311,https://www.hotfrog.com.my/company/1100243499528192,Apparatech (M) Sdn Bhd,,None,No
+603-42964177,https://www.hotfrog.com.my/company/1100243384815616,Astaka Ventures Sdn Bhd,,None,No
,https://www.hotfrog.com.my/company/1100244420501504,Pusat Seni Taman & Semaian Negeri,,None
,https://www.hotfrog.com.my/company/1100242502819840,Ching Sun Trading Co,,None
,https://www.hotfrog.com.my/company/1100243724120064,Agrovil Enterprise (M) Sdn Bhd,,None
+603-33448822,https://www.hotfrog.com.my/company/1100244030271488,Satang Jaya Sdn Bhd,,None,No
+603-26911726,https://www.hotfrog.com.my/company/1100244195332096,Rohas Composites Sdn Bhd,,None,No
+603-33421790,https://www.hotfrog.com.my/company/1100243727855616,Agfermark (M) Sdn Bhd,,None,No
+603-62777261,https://www.hotfrog.com.my/company/1100244626411520,Pharma Rubber Sdn Bhd,,None,No
,https://www.hotfrog.com.my/company/1100244802281472,Perkayuan Tong Loong,,None
+603-91305432,https://www.hotfrog.com.my/company/1100242952708096,C. T. Teknik Sdn Bhd,,None,No
+603-26932785,https://www.hotfrog.com.my/company/1100243878326272,Abdul Wahab Zakaria,,None,No
,https://www.hotfrog.com.my/company/1100244167151616,Rubini Enterprise,,None
+603-56382489,https://www.hotfrog.com.my/company/1100244885254144,Peladang Kimia Sdn Bhd,,None,No
,https://www.hotfrog.com.my/company/1100244389806080,Quad Air Cond & Elect Sdn Bhd,,None
+603-33237870,https://www.hotfrog.com.my/company/1100239851757568,Lat Cerucuk Sdn Bhd,,None,No
+603-78052154,https://www.hotfrog.com.my/company/1100240184049664,Kifi Worldwide Trading Company,,None,No
,https://www.hotfrog.com.my/company/1100240678449152,Jakel Trading,,None
,https://www.hotfrog.com.my/company/1100238838575104,Mps Engineering & Enterpise,,None
,https://www.hotfrog.com.my/company/1100239873527808,Lam Thong & Co,,None
+603-92854779,https://www.hotfrog.com.my/company/1100245087485952,Oddendel Sdn Bhd,,None,No
,https://www.hotfrog.com.my/company/1100240091791360,Klinik Hannan,,None
,https://www.hotfrog.com.my/company/1100239960764416,Kuala Kangsar Road Nursery,,None
+603-42567585,https://www.hotfrog.com.my/company/1100238205194240,Syarikat Dazman,,None,No
+603-21453393,https://www.hotfrog.com.my/company/1100238228684800,Syarikat Boeing Electronics,,None,No
+603-21422766,https://www.hotfrog.com.my/company/1100238128476160,Syarikat Law Joo Ghin Sdn Bhd,,None,No
+603-40410141,https://www.hotfrog.com.my/company/1100243298394112,B & C Electrical & Plumbing Company,,None,No
+603-92822081,https://www.hotfrog.com.my/company/1100245384818688,Multipoint Telecommunications System,,None,No
+603-80618809,https://www.hotfrog.com.my/company/1100242564792320,Chemtek Sdn Bhd,,None,No
,https://www.hotfrog.com.my/company/1100238648193024,Signal Power Enterprise (North) Sdn Bhd,,None
+603-92218733,https://www.hotfrog.com.my/company/1100241018421248,Hoon Thai Sdn Bhd,,None,No
+603-80242939,https://www.hotfrog.com.my/company/1100245385547776,Multimarga Sdn Bhd,,None,No
+603-26989888,https://www.hotfrog.com.my/company/1100241496219648,General Soil Engineering Holdings Bhd,,None,No
+603-22601337,https://www.hotfrog.com.my/company/1100241916301312,Eltel Technology,,None,No
+603-21428619,https://www.hotfrog.com.my/company/1100237780140032,Tarita Electronics Trading Sdn Bhd,,None,No
,https://www.hotfrog.com.my/company/1100244975050752,Pahang Air Conditioning Refrigeration Workshop,,None
+603-76651018,https://www.hotfrog.com.my/company/1100239165132800,Marley Cooling Tower Asia Pacific Sdn Bhd,,None,No
+603-20313369,https://www.hotfrog.com.my/company/1100238992773120,Micro Communication System Sdn Bhd,,None,No
,https://www.hotfrog.com.my/company/1100238830104576,Seen Mar Refrigeration & Air Conditioning (Kel) Sdn Bhd,,None
+603-80623063,https://www.hotfrog.com.my/company/1100238534086656,Sky Wings Machinery Sdn Bhd,,None,No
,https://www.hotfrog.com.my/company/1100241376587776,Grand Wall Air Cond & Electrical Service,,None
+603-56322263,https://www.hotfrog.com.my/company/1100241402298368,Good-Flow Enterprise,,None,No
+603-40423388,https://www.hotfrog.com.my/company/1100240842477568,Indah Jaya Communications,,None,No
+603-92210411,https://www.hotfrog.com.my/company/1100245023215616,Overseas Motors Corporation (M) Sdn Bhd,,None,No
+603-89431576,https://www.hotfrog.com.my/company/1100241975410688,Ebs Patrone (M) Sdn Bhd,,None,No
+603-56327788,https://www.hotfrog.com.my/company/1100244226707456,Reztafa Sdn Bhd,,None,No
,https://www.hotfrog.com.my/company/1100243651702784,Aiwa Electronics Malaysia Sdn Bhd,,None
+603-89257490,https://www.hotfrog.com.my/company/1100245054885888,Onkyo (M) Sdn Bhd,,None,No
+603-77813986,https://www.hotfrog.com.my/company/1100237102436352,Wong Brothers Spraying Workshop,,None,No
+603-61377287,https://www.hotfrog.com.my/company/1100238804439040,Selayang Cool Room & Air Cond Engineering,,None,No
,https://www.hotfrog.com.my/company/1100233742192640,Trifactor,"Trifactor Sdn Bhd is a leading used equipment dealer in Kuala Lumpur, Malaysia. Our quality used equipment is imported from Japan...",None
,https://www.hotfrog.com.my/company/1100238616793088,Sin Huat Air-Conditioning Refrigeration Sdn Bhd,,None
,https://www.hotfrog.com.my/company/1100245448929280,Agrochemical Pembekalan (Sarawak) Sdn Bhd,,None
,https://www.hotfrog.com.my/company/1100240320397312,Kehawadin Sdn Bhd,,None
,https://www.hotfrog.com.my/company/1100237780996096,Taraf Air-Cond & Electrical Service,,None
,https://www.hotfrog.com.my/company/1100241886388224,Eng Hoe Welding Co,,None
+603-61866535,https://www.hotfrog.com.my/company/1100237138731008,Whl Machinery Marketing,,None,No
,https://www.hotfrog.com.my/company/1100238096429056,Syarikat Pan Asia Air-Condition Engineering,,None
,https://www.hotfrog.com.my/company/1100237543755776,Tong Lee Electrical Svc Centre,,None
+603-62525189,https://www.hotfrog.com.my/company/1100240321449984,Kee Yap Electrical & Air-Cond Trading,,None,No
,https://www.hotfrog.com.my/company/1100243675525120,Aik Seng Heng Sdn Bhd,,None
,https://www.hotfrog.com.my/company/1100243652878336,Airtac Enterprise (Johor) Sdn Bhd,,None
+603-21611113,https://www.hotfrog.com.my/company/1100243857608704,Abjad Communications Sdn Bhd,,None,No
,https://www.hotfrog.com.my/company/1100240153591808,Kim Sun Earthwork & Construction,,None
+603-92850337,https://www.hotfrog.com.my/company/1100243620888576,Alequip Sdn Bhd,,None,No
+603-78472675,https://www.hotfrog.com.my/company/1100243612237824,Allianz Golfcar Manufacturing Sdn Bhd,,None,No
+603-79840405,https://www.hotfrog.com.my/company/1100242869243904,Cekap Air-Conditioning & Electrical,,None,No
,https://www.hotfrog.com.my/company/1100239538438144,Lian Hup Welding Engineering Works,,None
+603-61571688,https://www.hotfrog.com.my/company/1100237196619776,Watermech Engineering Sdn Bhd,,None,No
,https://www.hotfrog.com.my/company/1100243034804224,Bright Orient Enterprise Sdn Bhd,,None
+603-91316988,https://www.hotfrog.com.my/company/1100237668573184,Tetrix Sdn Bhd,,None,No
,https://www.hotfrog.com.my/company/1100243062837248,Boon Electronic Trading & Boon Air-Cond Service,,None
,https://www.hotfrog.com.my/company/1100244449992704,Pumpline Engineering Sdn Bhd,,None
,https://www.hotfrog.com.my/company/1100241443475456,Global Shuttle I. T.,,None
+603-79576388,https://www.hotfrog.com.my/company/1100237714604032,Telex-Data Marketing Sdn Bhd,,None,No
+6012-2275330,https://www.hotfrog.com.my/company/1100232216809472,HARRIS ELECTRICAL ENTERPISE,"ELECTRICAL SERVICE ,MOTOR REWINDING,AUTO GATE AC/DC ,BLANDER/RICE COOKER ,KIPAS ANGIN ,MESIN SENAMAN ,MESIN BASUH PAKAR DLM...",None,Yes
,https://www.hotfrog.com.my/company/1100244485799936,Pro-Garage Sdn Bhd,No business description....,None
+6016-6366069,https://www.hotfrog.com.my/company/1100232209395712,RGTENRESOURCES,"sales ,rent, buyback* scaffolding *jack base*main frame*u head*joint pin*cross*brace*...",None,Yes
,https://www.hotfrog.com.my/company/1100244140466176,S. C. Low Electrical Engineering Sdn Bhd,,None
+6012-5890266,https://www.hotfrog.com.my/company/1100233840947200,Perniagaan Logam Sri Wanis,,None,Yes
+6017-2931467,https://www.hotfrog.com.my/company/1100233816911872,proniaga4u,"MENJUAL DAN MEMBELI PERABUT & PERALATAN RUMAH SAMADA YG BARU ATAU TERPAKAI,MAKANAN & CATERING,KOMPUTER &...",None,No
,https://www.hotfrog.com.my/company/1100234021048320,BIG EARTH SCAFFOLDING ENTERPRISE,"Big Earth Scaffolding Enterprise are located in Johor Bahru at Taman Ungku Tun Aminah.We specialise on rental,selling scaffolding...",None
,https://www.hotfrog.com.my/company/1100233911263232,Fiproways Teknik,"Electrical, Electronics and maintenance. ...",None
,https://www.hotfrog.com.my/company/1100232575537152,Hua-Wei Machine Taiwan,"Hua-Wei Machine Co., Ltd . was established in 1973 in Taiwan, specializing in designing and manufacturing recycling related...",None
,https://www.hotfrog.com.my/company/1100234379800576,BUMISAUJANA ENTERPRISE,"Dental Supplies , Dental equipment , Dental Disposable Item, Dental Lab, Dental services....",None
,https://www.hotfrog.com.my/company/1100234120425472,Chi Zhing Resources,We provide stationery resources....,None
+603-61579889,https://www.hotfrog.com.my/company/1100234943037440,BAOSAFE SDN BHD,PERSONAL PROTECTIVE EQUIPMENT (PPE)Our serving items as below:-Head Protection - Industries Safety Helmet.Hearing Protection -...,None,No
+6012-9066575,https://www.hotfrog.com.my/company/1100232172740608,JC AIR COND & ELECTRICAL SERVICE,"10 YEARS SERVICES EXPERIENCE. WE ARE SERVICE ON AIR-COND,WIRING, REGRIGERATOR, AND ALL KIND OF RELATED HOME ELECTRICAL SERVICE....",None,Yes
,https://www.hotfrog.com.my/company/1100234150006784,GOLDEN CITY SCAFFOLDING,"Providing Peninsular Malaysia top contracting companies in the building industry with superior scaffolding, shoring, forming and...",None
+6010-4679007,https://www.hotfrog.com.my/company/1100234322268160,vtech safety engineering,,None,Yes
,https://www.hotfrog.com.my/company/1100235759779840,IMA GAS,Advantages of our services:Fast deliveryTrained and uniformed staffSafety checking servicesGovernment approved and high quality...,None
+603-56346281,https://www.hotfrog.com.my/company/1100245142294528,Nordson (M) Sdn Bhd (Nordson (Malaysia) Sdn Bhd),,None,No
+6016-9343723,https://www.hotfrog.com.my/company/1100234224476160,Innovation Wood Products,Have any idea of wooden home accessories to fit into a corner or space or have any of wooden products to do but can't find anyone...,None,Yes
+6010-2859747,https://www.hotfrog.com.my/company/1100233879621632,Daiken Musical (m) Sdn Bhd,we deliver to your door step good quality...,None,Yes
+603-87242918,https://www.hotfrog.com.my/company/1100244799967232,Permakmal Industries,,None,No
,https://www.hotfrog.com.my/company/1100238228283392,Syarikat Bowlrama Sdn Bhd(Bolarama Sdn Bhd Sykt),,None
,https://www.hotfrog.com.my/company/1100245440851968,An Da Hardware Sdn Bhd,,None
+603-55119603,https://www.hotfrog.com.my/company/1100234483019776,Datar Ceria Enterprise,"We are more than 13 years experiance, The company was incorporated in April 2000 and the operation was begun on May 2002. With the...",None,No
,https://www.hotfrog.com.my/company/1100238199013376,Syarikat Galaxy,,None
,https://www.hotfrog.com.my/company/1100238072205312,Syarikat Perniagaan Billiard Bp,,None
,https://www.hotfrog.com.my/company/1100238236995584,Syarikat Aik Huat,,None
,https://www.hotfrog.com.my/company/1100237013598208,Yee Ka Enterprise,,None
,https://www.hotfrog.com.my/company/1100234258997248,Techshop,,None
,https://www.hotfrog.com.my/company/1100238646067200,Silver Joy Ind. Sdn Bhd,,None
,https://www.hotfrog.com.my/company/1100238644801536,Sim An Pa,,None
,https://www.hotfrog.com.my/company/1100240119717888,Kjrut Cegahapi,,None
+603-62754035,https://www.hotfrog.com.my/company/1100240016658432,Koken Engineering (M) Sdn Bhd,,None,No
,https://www.hotfrog.com.my/company/1100239931961344,Kuos Wood Industrial Sdn Bhd,,None
+603-91321611,https://www.hotfrog.com.my/company/1100240023937024,Koay Eng Hock,,None,No
,https://www.hotfrog.com.my/company/1100239051358208,Mei Yan Sdn Bhd,,None
,https://www.hotfrog.com.my/company/1100240839282688,Indust Adhesives Nitta Inc Sdn Bhd,,None
+603-78041878,https://www.hotfrog.com.my/company/1100240783462400,Intergrafica Print & Pack (M) Sdn Bhd,,None,No
,https://www.hotfrog.com.my/company/1100241468846080,Gian Shing Kilang Batubata Sdn Bhd,,None
+603-77810458,https://www.hotfrog.com.my/company/1100242120155136,Deta Enterprise,,None,No
,https://www.hotfrog.com.my/company/1100234259533824,Pernec Advanced Network Sdn. Berhad,,None
,https://www.hotfrog.com.my/company/1100241380261888,Grafi Image Sdn Bhd,,None
+603-92213494,https://www.hotfrog.com.my/company/1100236926402560,Yun Kow Wooden Pattem Maker,,None,No
,https://www.hotfrog.com.my/company/1100236955041792,Yong Yin Trading Co,,None
+603-56363270,https://www.hotfrog.com.my/company/1100243210219520,Bbr Construction System (M) Sdn Bhd,,None,No
,https://www.hotfrog.com.my/company/1100234291818496,Moto,,None
+603-80617586,https://www.hotfrog.com.my/company/1100236874190848,Zison Enterprise,,None,No
,https://www.hotfrog.com.my/company/1100242216603648,D\'Nonce (M) Sdn Bhd,,None
+603-33420601,https://www.hotfrog.com.my/company/1100242534961152,Chia Hong Kiat,,None,No
,https://www.hotfrog.com.my/company/1100234259652608,National Instruments,,None
,https://www.hotfrog.com.my/company/1100242917785600,Canwel Trading Co,,None
,https://www.hotfrog.com.my/company/1100242401394688,Chui Kai Pong,,None
,https://www.hotfrog.com.my/company/1100234259136512,Ya Horng Electronic (m),,None
,https://www.hotfrog.com.my/company/1100237749985280,Techbond (Sabah) Sdn Bhd,,None
,https://www.hotfrog.com.my/company/1100237721235456,Teh Teik Ooi,,None
,https://www.hotfrog.com.my/company/1100237395542016,Unikimia Saintifik,,None
,https://www.hotfrog.com.my/company/1100237583810560,Tian Mar Printing Sdn Bhd,,None
,https://www.hotfrog.com.my/company/1100243588399104,Alpha Metals (M) Sdn Bhd,,None
,https://www.hotfrog.com.my/company/1100238074249216,Syarikat Permy Trading,,None
,https://www.hotfrog.com.my/company/1100238205136896,Syarikat Deksen Trading Sdn Bhd(Sykt Deksen Trdg Sdn Bhd),,None
,https://www.hotfrog.com.my/company/1100238103314432,Syarikat Maslina Pembekalan,,None
,https://www.hotfrog.com.my/company/1100238120501248,Syarikat Penang Raya Engineering,,None
+603-79817007,https://www.hotfrog.com.my/company/1100237076004864,Woodhurb (M) Sdn Bhd,,None,No
,https://www.hotfrog.com.my/company/1100244542099456,Potential Ray (M) Sdn Bhd,,None
+603-79802100,https://www.hotfrog.com.my/company/1100238074101760,Syarikat Perniagaan & Kejuruteraan Jaya,,None,No
,https://www.hotfrog.com.my/company/1100238022987776,Syarikat Perushaan Heng Hai,,None
+603-79802100,https://www.hotfrog.com.my/company/1100238074085376,Syarikat Perniagaan & Kejuruteraan Jaya (Perniagaan & Kejuru,,None,No
+603-78768812,https://www.hotfrog.com.my/company/1100237968637952,Syarikat Verton Trading,,None,No
,https://www.hotfrog.com.my/company/1100238128369664,Syarikat Lean Giap,,None
,https://www.hotfrog.com.my/company/1100238669950976,Shyn Tech Enterprise,,None
,https://www.hotfrog.com.my/company/1100238021263360,Syarikat Public Enterprises,,None
+603-55695393,https://www.hotfrog.com.my/company/1100237839282176,Takin Engineering Hardware Sdn Bhd,,None,No
+603-79802100,https://www.hotfrog.com.my/company/1100238074060800,Syarikat Perniagaan & Kejuruteraan Jaya(Perniagaan & Kejurut,,None,No
+603-55191801,https://www.hotfrog.com.my/company/1100239246741504,Malayan Adhesives & Chem Sdn Bhd,,None,No
,https://www.hotfrog.com.my/company/1100238520700928,Solid Bond Sdn Bhd,,None
,https://www.hotfrog.com.my/company/1100237862268928,Tai Seng Engrg Works Sdn Bhd,,None
+603-21643788,https://www.hotfrog.com.my/company/1100239185309696,Marconi Italiana Asia Pacific (M) Sdn Bhd,,None,No
,https://www.hotfrog.com.my/company/1100240586620928,John Richard Woodworth,,None
,https://www.hotfrog.com.my/company/1100239623671808,Lee Fung Engrg Trdg Co,,None
,https://www.hotfrog.com.my/company/1100238703685632,Shanghai Machine Wood Works Sdn Bhd,,None
,https://www.hotfrog.com.my/company/1100239013629952,Meyear Electronic Sdn Bhd,,None
,https://www.hotfrog.com.my/company/1100240779628544,Interstate Enterprise Sdn Bhd,,None
+603-62745839,https://www.hotfrog.com.my/company/1100238987685888,Milia Trading(Tng Supplies Sdn Bhd),,None,No
,https://www.hotfrog.com.my/company/1100240776126464,Invendo Sdn Bhd,,None
,https://www.hotfrog.com.my/company/1100240528891904,Juta Engineering Trading Co,,None
+603-55126455,https://www.hotfrog.com.my/company/1100241164541952,Hexfil Sdn Bhd,,None,No
,https://www.hotfrog.com.my/company/1100240934924288,Hup Hong,,None
,https://www.hotfrog.com.my/company/1100238695718912,Shen Seng Timber Sdn Bhd,,None
,https://www.hotfrog.com.my/company/1100240816893952,Ing Sing Hong Trading Co Sdn Bhd,,None
+603-78762522,https://www.hotfrog.com.my/company/1100240449232896,Kan Yew Cheong,,None,No
+603-56332960,https://www.hotfrog.com.my/company/1100240285802496,Kenanga Antara Sdn Bhd,,None,No
+603-78756081,https://www.hotfrog.com.my/company/1100238551068672,Skt Chemibond Enterprise(Syarikat Chemibond Enterprise),,None,No
,https://www.hotfrog.com.my/company/1100239879544832,Lai Kam,,None
,https://www.hotfrog.com.my/company/1100241160417280,Hiap Heng Perniagaan Papan,,None
+603-77280633,https://www.hotfrog.com.my/company/1100240428101632,Karaoke B M B Systems Sdn Bhd,,None,No
+603-62745839,https://www.hotfrog.com.my/company/1100238987722752,Milia Trading (Tng Supplies Sdn Bhd),,None,No
,https://www.hotfrog.com.my/company/1100239623688192,Lee Fung Engineering Trading Co,,None
,https://www.hotfrog.com.my/company/1100240556457984,Juan Lounc Industries (M) Sdn Bhd,,None
,https://www.hotfrog.com.my/company/1100240319123456,Kejuruteraan Cegahapi,,None
,https://www.hotfrog.com.my/company/1100239268773888,Mak Boh See @ Mak Yin Fei,,None
,https://www.hotfrog.com.my/company/1100240473325568,Kak Trading,,None
+603-80768608,https://www.hotfrog.com.my/company/1100241911652352,Emerson Electric (M) Sdn Bhd(Branson Ultrasonics),,None,No
+603-61561694,https://www.hotfrog.com.my/company/1100240397881344,Kebangsaan Modular Sdn Bhd,,None,No
+603-56337055,https://www.hotfrog.com.my/company/1100243095359488,Bio-Focus Sdn Bhd,,None,No
+603-56334236,https://www.hotfrog.com.my/company/1100241125765120,Hisco (M) Sdn Bhd (Hisco (Malaysia) Sdn Bhd),,None,No
+603-90581317,https://www.hotfrog.com.my/company/1100241666351104,Flowlab Sdn Bhd,,None,No
,https://www.hotfrog.com.my/company/1100240588533760,Johan Co,,None
,https://www.hotfrog.com.my/company/1100241181773824,Hex-Tech Industries Sdn Bhd,,None
+603-56334236,https://www.hotfrog.com.my/company/1100241125748736,Hisco (M) Sdn Bhd(Hisco (Malaysia) Sdn Bhd),,None,No
,https://www.hotfrog.com.my/company/1100242395578368,Cincinnati Machines Sdn Bhd(Leong Bee & Soo Bee Sdn Bhd),,None
,https://www.hotfrog.com.my/company/1100242086580224,Dinol Trading Co,,None
